"Name","State","Notes","User","Tags","Created","Runtime","Sweep","alpha_0","alpha_1","criterion","data","epochs","learning_rate","model","optimizer","regularizer_0","regularizer_1","sensitive_race","test_ratio","train_ratio","test_accuracy","test_dpd","test_dpr","test_edd","test_eoo","test_loss","test_precision","test_recall","train_accuracy","train_dpd","train_dpr","train_edd","train_eoo","train_loss","train_precision","train_recall","val_accuracy","val_dpd","val_dpr","val_edd","val_eoo","val_loss","val_precision","val_recall"
"rich-smoke-100","finished","-","rachael-walker","","2023-04-17T05:07:12.000Z","108","","200","200","BCELoss","adult_balanced_nosched_seed8_v2","200","0.0001","LogisticRegression","SGD","DemographicParityLoss()","EqualizedOddsLoss()","7        0.0
8        1.0
9        0.0
10       0.0
11       0.0
        ... 
10072    1.0
13681    0.0
1886     1.0
6622     0.0
210      0.0
Name: sex_binary, Length: 15682, dtype: float64","0.66","0.7","0.4697359948486799","0.036380971679903173","0.9615503945781","0.02868240812301792","0.9700788167753236","7.844428062438965","0.47812390619530976","0.897503285151117","0.485651817436458","0.029767408407221696","0.96833410641952","0.02208295299050211","0.9759275917851284","7.651411533355713","0.4959333465582226","0.8986340762041697","0.46028767979987495","0.029767408407221696","0.96833410641952","0.02208295299050211","0.9759275917851284","7.882063865661621","0.4627586206896552","0.8887417218543047"
"whole-plasma-99","finished","-","rachael-walker","","2023-04-17T05:05:19.000Z","108","","200","150","BCELoss","adult_balanced_nosched_seed8_v2","200","0.0001","LogisticRegression","SGD","DemographicParityLoss()","EqualizedOddsLoss()","7        0.0
8        1.0
9        0.0
10       0.0
11       0.0
        ... 
10072    1.0
13681    0.0
1886     1.0
6622     0.0
210      0.0
Name: sex_binary, Length: 15682, dtype: float64","0.66","0.7","0.4752092723760464","0.03546493955902641","0.9621441656392414","0.030587906084268313","0.9676612710085514","7.823563098907471","0.4809187279151944","0.8942181340341656","0.4902978955998907","0.03158504140776841","0.9660898861984164","0.02405301830976858","0.973678415363858","7.619924068450928","0.4984458036699088","0.8934219985621855","0.4652908067542214","0.03158504140776841","0.9660898861984164","0.02405301830976858","0.973678415363858","7.866355419158936","0.46518105849582175","0.8847682119205298"
"kind-blaze-98","finished","-","rachael-walker","","2023-04-17T05:03:27.000Z","106","","200","100","BCELoss","adult_balanced_nosched_seed8_v2","200","0.0001","LogisticRegression","SGD","DemographicParityLoss()","EqualizedOddsLoss()","7        0.0
8        1.0
9        0.0
10       0.0
11       0.0
        ... 
10072    1.0
13681    0.0
1886     1.0
6622     0.0
210      0.0
Name: sex_binary, Length: 15682, dtype: float64","0.66","0.7","0.4819703799098519","0.04214631054164353","0.9543859550467022","0.04659142392665827","0.9499839073060832","7.794710159301758","0.4843243243243243","0.8830486202365309","0.500774346360572","0.02719019802622269","0.9701066249668004","0.029415070061089232","0.9676853899588294","7.578841686248779","0.5042997542997543","0.8853342918763479","0.4759224515322077","0.02719019802622269","0.9701066249668004","0.029415070061089232","0.9676853899588294","7.843376159667969","0.47054648687012063","0.8781456953642384"
"spring-dream-97","finished","-","rachael-walker","","2023-04-17T05:01:32.000Z","109","","200","50","BCELoss","adult_balanced_nosched_seed8_v2","200","0.0001","LogisticRegression","SGD","DemographicParityLoss()","EqualizedOddsLoss()","7        0.0
8        1.0
9        0.0
10       0.0
11       0.0
        ... 
10072    1.0
13681    0.0
1886     1.0
6622     0.0
210      0.0
Name: sex_binary, Length: 15682, dtype: float64","0.66","0.7","0.5070830650354153","0.06094809064717177","0.9306116944030202","0.08336220451456433","0.9042934836651804","7.753706455230713","0.49826321883442687","0.8482260183968463","0.5180832650086544","0.040630709369269824","0.9531279665319734","0.05905431275048112","0.93126153949944","7.517051696777344","0.5149042645778938","0.850647016534867","0.5003126954346466","0.040630709369269824","0.9531279665319734","0.05905431275048112","0.93126153949944","7.804976940155029","0.483206106870229","0.83841059602649"
"vibrant-sky-96","finished","-","rachael-walker","","2023-04-17T04:59:38.000Z","109","","200","40","BCELoss","adult_balanced_nosched_seed8_v2","200","0.0001","LogisticRegression","SGD","DemographicParityLoss()","EqualizedOddsLoss()","7        0.0
8        1.0
9        0.0
10       0.0
11       0.0
        ... 
10072    1.0
13681    0.0
1886     1.0
6622     0.0
210      0.0
Name: sex_binary, Length: 15682, dtype: float64","0.66","0.7","0.5292981326464906","0.07830905562440083","0.9081560458726164","0.12628254670468786","0.8492292027936427","7.744113445281982","0.5121359223300971","0.8318002628120894","0.5414958549694816","0.03998576161815415","0.9515387337112776","0.07862103470554238","0.9023642725097551","7.4999566078186035","0.5303810504634398","0.8330337886412653","0.5328330206378987","0.03998576161815415","0.9515387337112776","0.07862103470554238","0.9023642725097551","7.793949127197266","0.5032520325203252","0.8198675496688742"
"electric-jazz-95","finished","-","rachael-walker","","2023-04-17T04:57:47.000Z","105","","200","30","BCELoss","adult_balanced_nosched_seed8_v2","200","0.0001","LogisticRegression","SGD","DemographicParityLoss()","EqualizedOddsLoss()","7        0.0
8        1.0
9        0.0
10       0.0
11       0.0
        ... 
10072    1.0
13681    0.0
1886     1.0
6622     0.0
210      0.0
Name: sex_binary, Length: 15682, dtype: float64","0.66","0.7","0.5386349001931745","0.07951397819292794","0.9039767636229472","0.1300002665032114","0.8386557957232871","7.734539031982422","0.5185959047221061","0.8153745072273325","0.5544319941696274","0.03101255922843016","0.9605615348312424","0.07363172587866218","0.9026609198974715","7.480339527130127","0.5401311866428146","0.8139827462257369","0.5390869293308318","0.03101255922843016","0.9605615348312424","0.07363172587866218","0.9026609198974715","7.781184196472168","0.507563025210084","0.8"
"woven-yogurt-94","finished","-","rachael-walker","","2023-04-17T04:55:56.000Z","105","","200","20","BCELoss","adult_balanced_nosched_seed8_v2","200","0.0001","LogisticRegression","SGD","DemographicParityLoss()","EqualizedOddsLoss()","7        0.0
8        1.0
9        0.0
10       0.0
11       0.0
        ... 
10072    1.0
13681    0.0
1886     1.0
6622     0.0
210      0.0
Name: sex_binary, Length: 15682, dtype: float64","0.66","0.7","0.5489375402446877","0.08047313604609785","0.8963787178924493","0.13912133891213385","0.8145048814504882","7.725619316101074","0.5271178843567906","0.7726675427069645","0.5689168260909174","0.035851977436027416","0.9513977908040564","0.0889029430131777","0.87262718190988","7.457561016082764","0.5532514080901177","0.7767792954708842","0.5565978736710444","0.035851977436027416","0.9513977908040564","0.0889029430131777","0.87262718190988","7.766190052032471","0.5209471766848816","0.7576158940397351"
"lively-wind-93","finished","-","rachael-walker","","2023-04-17T04:54:04.000Z","106","","200","10","BCELoss","adult_balanced_nosched_seed8_v2","200","0.0001","LogisticRegression","SGD","DemographicParityLoss()","EqualizedOddsLoss()","7        0.0
8        1.0
9        0.0
10       0.0
11       0.0
        ... 
10072    1.0
13681    0.0
1886     1.0
6622     0.0
210      0.0
Name: sex_binary, Length: 15682, dtype: float64","0.66","0.7","0.5582743077913715","0.06889309754469097","0.9029594754518768","0.12231164885536872","0.8184120201390743","7.718369483947754","0.5365853658536586","0.7227332457293035","0.5768424888403024","0.024814692504978808","0.9632226034990028","0.10074740338582922","0.8765078861536941","7.430839538574219","0.5637397697322791","0.7304097771387491","0.575984990619137","0.024814692504978808","0.9632226034990028","0.10074740338582922","0.8765078861536941","7.748199462890625","0.5382323733862959","0.7178807947019867"
"colorful-planet-92","finished","-","rachael-walker","","2023-04-17T04:52:13.000Z","106","","200","1","BCELoss","adult_balanced_nosched_seed8_v2","200","0.0001","LogisticRegression","SGD","DemographicParityLoss()","EqualizedOddsLoss()","7        0.0
8        1.0
9        0.0
10       0.0
11       0.0
        ... 
10072    1.0
13681    0.0
1886     1.0
6622     0.0
210      0.0
Name: sex_binary, Length: 15682, dtype: float64","0.66","0.7","0.5782356728911784","0.0384639965083744","0.9394351436194104","0.1063766094603098","0.8453597640441732","7.714314937591553","0.556203605514316","0.6892247043363995","0.595882299353193","0.00016095598280507772","0.9997354784365332","0.09727807605888816","0.8759118517742797","7.402690887451172","0.5844564240790656","0.7014737598849748","0.5866166353971232","0.00016095598280507772","0.9997354784365332","0.09727807605888816","0.8759118517742797","7.728479385375977","0.5505376344086022","0.6781456953642384"
"tough-voice-91","finished","-","rachael-walker","","2023-04-17T04:50:21.000Z","106","","200","0","BCELoss","adult_balanced_nosched_seed8_v2","200","0.0001","LogisticRegression","SGD","DemographicParityLoss()","EqualizedOddsLoss()","7        0.0
8        1.0
9        0.0
10       0.0
11       0.0
        ... 
10072    1.0
13681    0.0
1886     1.0
6622     0.0
210      0.0
Name: sex_binary, Length: 15682, dtype: float64","0.66","0.7","0.580167417900837","0.03500042865938724","0.9442730605143834","0.1094654125491129","0.8521501627150163","7.714048385620117","0.5582264957264957","0.6865965834428384","0.5976131912180013","0.0041445645285314026","0.9931457929097978","0.09948942494666856","0.8728996335900026","7.399293899536133","0.586566037735849","0.6984184040258806","0.5891181988742964","0.0041445645285314026","0.9931457929097978","0.09948942494666856","0.8728996335900026","7.7260308265686035","0.5532608695652174","0.6741721854304635"
"kind-lion-90","finished","-","rachael-walker","","2023-04-17T04:48:29.000Z","107","","150","200","BCELoss","adult_balanced_nosched_seed8_v2","200","0.0001","LogisticRegression","SGD","DemographicParityLoss()","EqualizedOddsLoss()","7        0.0
8        1.0
9        0.0
10       0.0
11       0.0
        ... 
10072    1.0
13681    0.0
1886     1.0
6622     0.0
210      0.0
Name: sex_binary, Length: 15682, dtype: float64","0.66","0.7","0.4697359948486799","0.036380971679903173","0.9615503945781","0.02868240812301792","0.9700788167753236","7.843795299530029","0.47812390619530976","0.897503285151117","0.485651817436458","0.029767408407221696","0.96833410641952","0.02208295299050211","0.9759275917851284","7.648795127868652","0.4959333465582226","0.8986340762041697","0.46028767979987495","0.029767408407221696","0.96833410641952","0.02208295299050211","0.9759275917851284","7.877925872802734","0.4627586206896552","0.8887417218543047"
"vocal-smoke-89","finished","-","rachael-walker","","2023-04-17T04:46:39.000Z","104","","150","150","BCELoss","adult_balanced_nosched_seed8_v2","200","0.0001","LogisticRegression","SGD","DemographicParityLoss()","EqualizedOddsLoss()","7        0.0
8        1.0
9        0.0
10       0.0
11       0.0
        ... 
10072    1.0
13681    0.0
1886     1.0
6622     0.0
210      0.0
Name: sex_binary, Length: 15682, dtype: float64","0.66","0.7","0.4752092723760464","0.03546493955902641","0.9621441656392414","0.030587906084268313","0.9676612710085514","7.823512554168701","0.4809187279151944","0.8942181340341656","0.4902978955998907","0.03158504140776841","0.9660898861984164","0.02405301830976858","0.973678415363858","7.618083953857422","0.4984458036699088","0.8934219985621855","0.4652908067542214","0.03158504140776841","0.9660898861984164","0.02405301830976858","0.973678415363858","7.8637542724609375","0.46518105849582175","0.8847682119205298"
"unique-capybara-88","finished","-","rachael-walker","","2023-04-17T04:44:48.000Z","105","","150","100","BCELoss","adult_balanced_nosched_seed8_v2","200","0.0001","LogisticRegression","SGD","DemographicParityLoss()","EqualizedOddsLoss()","7        0.0
8        1.0
9        0.0
10       0.0
11       0.0
        ... 
10072    1.0
13681    0.0
1886     1.0
6622     0.0
210      0.0
Name: sex_binary, Length: 15682, dtype: float64","0.66","0.7","0.4819703799098519","0.04214631054164353","0.9543859550467022","0.04659142392665827","0.9499839073060832","7.795255184173584","0.4843243243243243","0.8830486202365309","0.500592147216908","0.02714445439418156","0.9701677801907412","0.029203070909085804","0.9679182865629108","7.578118801116943","0.504195661072452","0.8855140186915887","0.4759224515322077","0.02714445439418156","0.9701677801907412","0.029203070909085804","0.9679182865629108","7.842637538909912","0.47054648687012063","0.8781456953642384"
"usual-water-87","finished","-","rachael-walker","","2023-04-17T04:42:56.000Z","106","","150","50","BCELoss","adult_balanced_nosched_seed8_v2","200","0.0001","LogisticRegression","SGD","DemographicParityLoss()","EqualizedOddsLoss()","7        0.0
8        1.0
9        0.0
10       0.0
11       0.0
        ... 
10072    1.0
13681    0.0
1886     1.0
6622     0.0
210      0.0
Name: sex_binary, Length: 15682, dtype: float64","0.66","0.7","0.5067611075338055","0.05961534964317361","0.9321289960786772","0.08127015430535933","0.9066953255872656","7.754332065582275","0.4980724749421742","0.8488830486202366","0.5176277671494944","0.04066488181868355","0.9531243687626554","0.058740936084229256","0.9316995111483158","7.517811298370361","0.5146211544733124","0.8508267433501079","0.4996873045653533","0.04066488181868355","0.9531243687626554","0.058740936084229256","0.9316995111483158","7.805906295776367","0.482837528604119","0.83841059602649"
"earthy-leaf-86","finished","-","rachael-walker","","2023-04-17T04:41:04.000Z","106","","150","40","BCELoss","adult_balanced_nosched_seed8_v2","200","0.0001","LogisticRegression","SGD","DemographicParityLoss()","EqualizedOddsLoss()","7        0.0
8        1.0
9        0.0
10       0.0
11       0.0
        ... 
10072    1.0
13681    0.0
1886     1.0
6622     0.0
210      0.0
Name: sex_binary, Length: 15682, dtype: float64","0.66","0.7","0.5289761751448808","0.0778648086230681","0.908677076306278","0.12523652160008536","0.8504780692683391","7.744584560394287","0.511928831378892","0.8318002628120894","0.5414958549694816","0.03998576161815415","0.9515387337112776","0.07862103470554238","0.9023642725097551","7.5009684562683105","0.5303810504634398","0.8330337886412653","0.5328330206378987","0.03998576161815415","0.9515387337112776","0.07862103470554238","0.9023642725097551","7.794934272766113","0.5032520325203252","0.8198675496688742"
"eager-pond-85","finished","-","rachael-walker","","2023-04-17T04:39:13.000Z","105","","150","30","BCELoss","adult_balanced_nosched_seed8_v2","200","0.0001","LogisticRegression","SGD","DemographicParityLoss()","EqualizedOddsLoss()","7        0.0
8        1.0
9        0.0
10       0.0
11       0.0
        ... 
10072    1.0
13681    0.0
1886     1.0
6622     0.0
210      0.0
Name: sex_binary, Length: 15682, dtype: float64","0.66","0.7","0.5386349001931745","0.07878863455098584","0.904718129361962","0.1310462916078139","0.8373575669373378","7.734803199768066","0.5186114596403179","0.8147174770039421","0.5547052928851235","0.030475747925033048","0.9612115164478604","0.07301946231041845","0.9033526678012012","7.48150110244751","0.540324504891434","0.8139827462257369","0.5390869293308318","0.030475747925033048","0.9612115164478604","0.07301946231041845","0.9033526678012012","7.781965255737305","0.507563025210084","0.8"
"serene-dust-84","finished","-","rachael-walker","","2023-04-17T04:37:20.000Z","107","","150","20","BCELoss","adult_balanced_nosched_seed8_v2","200","0.0001","LogisticRegression","SGD","DemographicParityLoss()","EqualizedOddsLoss()","7        0.0
8        1.0
9        0.0
10       0.0
11       0.0
        ... 
10072    1.0
13681    0.0
1886     1.0
6622     0.0
210      0.0
Name: sex_binary, Length: 15682, dtype: float64","0.66","0.7","0.5495814552479072","0.07991094276487898","0.8967917582115233","0.13802867574554278","0.8151769544388041","7.725701808929443","0.5276404494382022","0.771353482260184","0.5694634235219095","0.03441294687137286","0.9532014925204167","0.08660574715190905","0.8753428211968546","7.458686351776123","0.5537317260836112","0.776060388209921","0.5572232645403377","0.03441294687137286","0.9532014925204167","0.08660574715190905","0.8753428211968546","7.766345500946045","0.5214611872146119","0.7562913907284768"
"morning-forest-83","finished","-","rachael-walker","","2023-04-17T04:35:26.000Z","108","","150","10","BCELoss","adult_balanced_nosched_seed8_v2","200","0.0001","LogisticRegression","SGD","DemographicParityLoss()","EqualizedOddsLoss()","7        0.0
8        1.0
9        0.0
10       0.0
11       0.0
        ... 
10072    1.0
13681    0.0
1886     1.0
6622     0.0
210      0.0
Name: sex_binary, Length: 15682, dtype: float64","0.66","0.7","0.5589182227945911","0.06671706661886467","0.9055577947696536","0.11858060389627688","0.8226937636979479","7.718437671661377","0.5371819960861057","0.721419185282523","0.5772068871276305","0.02346714920440618","0.9650654223628689","0.0984774856650279","0.8787639093629671","7.431607723236084","0.5642131626547934","0.7287922358015816","0.5791119449656035","0.02346714920440618","0.9650654223628689","0.0984774856650279","0.8787639093629671","7.747081279754639","0.5409181636726547","0.7178807947019867"
"daily-voice-82","finished","-","rachael-walker","","2023-04-17T04:33:37.000Z","103","","150","1","BCELoss","adult_balanced_nosched_seed8_v2","200","0.0001","LogisticRegression","SGD","DemographicParityLoss()","EqualizedOddsLoss()","7        0.0
8        1.0
9        0.0
10       0.0
11       0.0
        ... 
10072    1.0
13681    0.0
1886     1.0
6622     0.0
210      0.0
Name: sex_binary, Length: 15682, dtype: float64","0.66","0.7","0.5804893754024468","0.03544467566071996","0.9435657398698034","0.1094654125491129","0.850325430032543","7.714639186859131","0.5585248530197755","0.6865965834428384","0.5976131912180013","0.0041445645285314026","0.9931457929097978","0.09948942494666856","0.8728996335900026","7.402748584747315","0.586566037735849","0.6984184040258806","0.5891181988742964","0.0041445645285314026","0.9931457929097978","0.09948942494666856","0.8728996335900026","7.72545051574707","0.5532608695652174","0.6741721854304635"
"vibrant-dew-81","finished","-","rachael-walker","","2023-04-17T04:31:48.000Z","103","","150","0","BCELoss","adult_balanced_nosched_seed8_v2","200","0.0001","LogisticRegression","SGD","DemographicParityLoss()","EqualizedOddsLoss()","7        0.0
8        1.0
9        0.0
10       0.0
11       0.0
        ... 
10072    1.0
13681    0.0
1886     1.0
6622     0.0
210      0.0
Name: sex_binary, Length: 15682, dtype: float64","0.66","0.7","0.5804893754024468","0.03471933201877786","0.9446174834401958","0.11023761332131377","0.8526940245451684","7.714417457580566","0.5585874799357945","0.6859395532194481","0.5973398925025052","0.004247081876772585","0.9929542886021772","0.10203341477070926","0.8696496194407379","7.399246215820312","0.5866141732283464","0.6962616822429907","0.5891181988742964","0.004247081876772585","0.9929542886021772","0.10203341477070926","0.8696496194407379","7.722739219665527","0.5532608695652174","0.6741721854304635"
"rosy-leaf-80","finished","-","rachael-walker","","2023-04-17T04:29:54.000Z","108","","100","200","BCELoss","adult_balanced_nosched_seed8_v2","200","0.0001","LogisticRegression","SGD","DemographicParityLoss()","EqualizedOddsLoss()","7        0.0
8        1.0
9        0.0
10       0.0
11       0.0
        ... 
10072    1.0
13681    0.0
1886     1.0
6622     0.0
210      0.0
Name: sex_binary, Length: 15682, dtype: float64","0.66","0.7","0.4697359948486799","0.036380971679903173","0.9615503945781","0.02868240812301792","0.9700788167753236","7.843175411224365","0.47812390619530976","0.897503285151117","0.485651817436458","0.029767408407221696","0.96833410641952","0.02208295299050211","0.9759275917851284","7.646087646484375","0.4959333465582226","0.8986340762041697","0.46028767979987495","0.029767408407221696","0.96833410641952","0.02208295299050211","0.9759275917851284","7.873637676239014","0.4627586206896552","0.8887417218543047"
"whole-shadow-79","finished","-","rachael-walker","","2023-04-17T04:28:02.000Z","106","","100","150","BCELoss","adult_balanced_nosched_seed8_v2","200","0.0001","LogisticRegression","SGD","DemographicParityLoss()","EqualizedOddsLoss()","7        0.0
8        1.0
9        0.0
10       0.0
11       0.0
        ... 
10072    1.0
13681    0.0
1886     1.0
6622     0.0
210      0.0
Name: sex_binary, Length: 15682, dtype: float64","0.66","0.7","0.4752092723760464","0.03546493955902641","0.9621441656392414","0.030587906084268313","0.9676612710085514","7.823481559753418","0.4809187279151944","0.8942181340341656","0.4903889951717227","0.03145938169427254","0.9662247961113056","0.023841019157765153","0.9739104092679236","7.616201400756836","0.4984960898335673","0.8936017253774263","0.4652908067542214","0.03145938169427254","0.9662247961113056","0.023841019157765153","0.9739104092679236","7.8610687255859375","0.46518105849582175","0.8847682119205298"
"giddy-sun-78","finished","-","rachael-walker","","2023-04-17T04:26:11.000Z","105","","100","100","BCELoss","adult_balanced_nosched_seed8_v2","200","0.0001","LogisticRegression","SGD","DemographicParityLoss()","EqualizedOddsLoss()","7        0.0
8        1.0
9        0.0
10       0.0
11       0.0
        ... 
10072    1.0
13681    0.0
1886     1.0
6622     0.0
210      0.0
Name: sex_binary, Length: 15682, dtype: float64","0.66","0.7","0.4819703799098519","0.04214631054164353","0.9543859550467022","0.04659142392665827","0.9499839073060832","7.795828819274902","0.4843243243243243","0.8830486202365309","0.5005010476450761","0.027018794680685687","0.9703058823658572","0.029203070909085804","0.9679182865629108","7.577428340911865","0.5041440703980354","0.8855140186915887","0.4759224515322077","0.027018794680685687","0.9703058823658572","0.029203070909085804","0.9679182865629108","7.841911792755127","0.47054648687012063","0.8781456953642384"
"dandy-bee-77","finished","-","rachael-walker","","2023-04-17T04:24:21.000Z","104","","100","50","BCELoss","adult_balanced_nosched_seed8_v2","200","0.0001","LogisticRegression","SGD","DemographicParityLoss()","EqualizedOddsLoss()","7        0.0
8        1.0
9        0.0
10       0.0
11       0.0
        ... 
10072    1.0
13681    0.0
1886     1.0
6622     0.0
210      0.0
Name: sex_binary, Length: 15682, dtype: float64","0.66","0.7","0.5064391500321958","0.06078494028644843","0.9308894628392108","0.08286251099325748","0.9050407720734204","7.754952430725098","0.4978805394990366","0.8488830486202366","0.5175366675776624","0.04053922210518768","0.9532692204904308","0.05843238933939743","0.9320582710678956","7.518683910369873","0.5145652173913043","0.8508267433501079","0.5003126954346466","0.04053922210518768","0.9532692204904308","0.05843238933939743","0.9320582710678956","7.806923866271973","0.4832317073170731","0.8397350993377484"
"classic-gorge-76","finished","-","rachael-walker","","2023-04-17T04:22:31.000Z","104","","100","40","BCELoss","adult_balanced_nosched_seed8_v2","200","0.0001","LogisticRegression","SGD","DemographicParityLoss()","EqualizedOddsLoss()","7        0.0
8        1.0
9        0.0
10       0.0
11       0.0
        ... 
10072    1.0
13681    0.0
1886     1.0
6622     0.0
210      0.0
Name: sex_binary, Length: 15682, dtype: float64","0.66","0.7","0.5289761751448808","0.0778648086230681","0.908677076306278","0.12523652160008536","0.8504780692683391","7.745026111602783","0.511928831378892","0.8318002628120894","0.5412225562539856","0.040614060185633405","0.9507772590524178","0.07892958145037421","0.9019811029672884","7.502091884613037","0.5302267002518891","0.832314881380302","0.5322076297686054","0.040614060185633405","0.9507772590524178","0.07892958145037421","0.9019811029672884","7.795975208282471","0.5028478437754271","0.8185430463576159"
"glorious-sunset-75","finished","-","rachael-walker","","2023-04-17T04:20:39.000Z","107","","100","30","BCELoss","adult_balanced_nosched_seed8_v2","200","0.0001","LogisticRegression","SGD","DemographicParityLoss()","EqualizedOddsLoss()","7        0.0
8        1.0
9        0.0
10       0.0
11       0.0
        ... 
10072    1.0
13681    0.0
1886     1.0
6622     0.0
210      0.0
Name: sex_binary, Length: 15682, dtype: float64","0.66","0.7","0.5389568576947843","0.08012137555498411","0.9031063987277066","0.1331383418170189","0.834761109365439","7.735012531280518","0.5188442211055276","0.8140604467805519","0.5538853967386353","0.03240638725951195","0.958736869195923","0.0745621960345777","0.9013107313911622","7.482752799987793","0.5398780341982542","0.8114665708123652","0.5390869293308318","0.03240638725951195","0.958736869195923","0.0745621960345777","0.9013107313911622","7.78270149230957","0.5075757575757576","0.7986754966887417"
"visionary-deluge-74","finished","-","rachael-walker","","2023-04-17T04:18:49.000Z","104","","100","20","BCELoss","adult_balanced_nosched_seed8_v2","200","0.0001","LogisticRegression","SGD","DemographicParityLoss()","EqualizedOddsLoss()","7        0.0
8        1.0
9        0.0
10       0.0
11       0.0
        ... 
10072    1.0
13681    0.0
1886     1.0
6622     0.0
210      0.0
Name: sex_binary, Length: 15682, dtype: float64","0.66","0.7","0.5492594977462975","0.08035518976621181","0.8962179950904666","0.13802867574554278","0.8151769544388041","7.725719451904297","0.5274280575539568","0.7706964520367937","0.5696456226655735","0.03409328254555366","0.9535525180482732","0.08722767056299263","0.8742810215906968","7.459827899932861","0.5539429745697405","0.7751617541337168","0.557848655409631","0.03409328254555366","0.9535525180482732","0.08722767056299263","0.8742810215906968","7.766244888305664","0.5219378427787934","0.7562913907284768"
"breezy-waterfall-73","finished","-","rachael-walker","","2023-04-17T04:17:00.000Z","103","","100","10","BCELoss","adult_balanced_nosched_seed8_v2","200","0.0001","LogisticRegression","SGD","DemographicParityLoss()","EqualizedOddsLoss()","7        0.0
8        1.0
9        0.0
10       0.0
11       0.0
        ... 
10072    1.0
13681    0.0
1886     1.0
6622     0.0
210      0.0
Name: sex_binary, Length: 15682, dtype: float64","0.66","0.7","0.5585962652929813","0.0649852826943711","0.9075500554015188","0.1164419156250832","0.8250585573862386","7.718482971191406","0.5370643102601865","0.7187910643889619","0.5772068871276305","0.02481523360344684","0.9630221173500464","0.10038547803305842","0.8764149710843017","7.432242870330811","0.5643743897335751","0.7271746944644141","0.5772357723577236","0.02481523360344684","0.9630221173500464","0.10038547803305842","0.8764149710843017","7.745326519012451","0.5396188565697091","0.7125827814569536"
"vivid-plant-72","finished","-","rachael-walker","","2023-04-17T04:15:10.000Z","104","","100","1","BCELoss","adult_balanced_nosched_seed8_v2","200","0.0001","LogisticRegression","SGD","DemographicParityLoss()","EqualizedOddsLoss()","7        0.0
8        1.0
9        0.0
10       0.0
11       0.0
        ... 
10072    1.0
13681    0.0
1886     1.0
6622     0.0
210      0.0
Name: sex_binary, Length: 15682, dtype: float64","0.66","0.7","0.5811332904056664","0.04005029603477073","0.936113800168416","0.11409861718231762","0.8398853160219577","7.715029239654541","0.559504577275175","0.6826544021024967","0.5954268014940329","0.001499092494622878","0.9974926536059464","0.10569947330600292","0.8643523425906295","7.4024553298950195","0.585712105022134","0.6896117900790798","0.5884928080050031","0.001499092494622878","0.9974926536059464","0.10569947330600292","0.8643523425906295","7.721285820007324","0.5528898582333697","0.671523178807947"
"pretty-cosmos-71","finished","-","rachael-walker","","2023-04-17T04:13:19.000Z","105","","100","0","BCELoss","adult_balanced_nosched_seed8_v2","200","0.0001","LogisticRegression","SGD","DemographicParityLoss()","EqualizedOddsLoss()","7        0.0
8        1.0
9        0.0
10       0.0
11       0.0
        ... 
10072    1.0
13681    0.0
1886     1.0
6622     0.0
210      0.0
Name: sex_binary, Length: 15682, dtype: float64","0.66","0.7","0.5830650354153252","0.03763837254917246","0.93916671355474","0.11950402258772296","0.8453903575503994","7.714864730834961","0.5617855198693522","0.6780551905387647","0.5965199963560172","0.002337961612143835","0.9960481099172812","0.10703354116925912","0.8620130755397831","7.398819446563721","0.5874826576229382","0.6849388928828181","0.5891181988742964","0.002337961612143835","0.9960481099172812","0.10703354116925912","0.8620130755397831","7.718248844146728","0.5539647577092511","0.6662251655629139"
"sunny-feather-70","finished","-","rachael-walker","","2023-04-17T04:11:27.000Z","106","","50","200","BCELoss","adult_balanced_nosched_seed8_v2","200","0.0001","LogisticRegression","SGD","DemographicParityLoss()","EqualizedOddsLoss()","7        0.0
8        1.0
9        0.0
10       0.0
11       0.0
        ... 
10072    1.0
13681    0.0
1886     1.0
6622     0.0
210      0.0
Name: sex_binary, Length: 15682, dtype: float64","0.66","0.7","0.4697359948486799","0.036380971679903173","0.9615503945781","0.02868240812301792","0.9700788167753236","7.842573642730713","0.47812390619530976","0.897503285151117","0.485651817436458","0.029767408407221696","0.96833410641952","0.02208295299050211","0.9759275917851284","7.643284320831299","0.4959333465582226","0.8986340762041697","0.46028767979987495","0.029767408407221696","0.96833410641952","0.02208295299050211","0.9759275917851284","7.869204044342041","0.4627586206896552","0.8887417218543047"
"stoic-oath-69","finished","-","rachael-walker","","2023-04-17T04:09:35.000Z","106","","50","150","BCELoss","adult_balanced_nosched_seed8_v2","200","0.0001","LogisticRegression","SGD","DemographicParityLoss()","EqualizedOddsLoss()","7        0.0
8        1.0
9        0.0
10       0.0
11       0.0
        ... 
10072    1.0
13681    0.0
1886     1.0
6622     0.0
210      0.0
Name: sex_binary, Length: 15682, dtype: float64","0.66","0.7","0.4752092723760464","0.03546493955902641","0.9621441656392414","0.030587906084268313","0.9676612710085514","7.823476791381836","0.4809187279151944","0.8942181340341656","0.4903889951717227","0.03145938169427254","0.9662247961113056","0.023841019157765153","0.9739104092679236","7.614286422729492","0.4984960898335673","0.8936017253774263","0.4652908067542214","0.03145938169427254","0.9662247961113056","0.023841019157765153","0.9739104092679236","7.858307361602783","0.46518105849582175","0.8847682119205298"
"sunny-snow-68","finished","-","rachael-walker","","2023-04-17T04:07:43.000Z","106","","50","100","BCELoss","adult_balanced_nosched_seed8_v2","200","0.0001","LogisticRegression","SGD","DemographicParityLoss()","EqualizedOddsLoss()","7        0.0
8        1.0
9        0.0
10       0.0
11       0.0
        ... 
10072    1.0
13681    0.0
1886     1.0
6622     0.0
210      0.0
Name: sex_binary, Length: 15682, dtype: float64","0.66","0.7","0.4819703799098519","0.04125781653897809","0.9553475529862958","0.04554539882205577","0.9511068197260666","7.7964324951171875","0.48433561397191216","0.8837056504599211","0.500409948073244","0.026893134967189813","0.9704439845409734","0.029203070909085804","0.9679182865629108","7.576777935028076","0.5040924902803355","0.8855140186915887","0.47529706066291433","0.026893134967189813","0.9704439845409734","0.029203070909085804","0.9679182865629108","7.841208934783936","0.4702127659574468","0.8781456953642384"
"valiant-galaxy-67","finished","-","rachael-walker","","2023-04-17T04:05:49.000Z","108","","50","50","BCELoss","adult_balanced_nosched_seed8_v2","200","0.0001","LogisticRegression","SGD","DemographicParityLoss()","EqualizedOddsLoss()","7        0.0
8        1.0
9        0.0
10       0.0
11       0.0
        ... 
10072    1.0
13681    0.0
1886     1.0
6622     0.0
210      0.0
Name: sex_binary, Length: 15682, dtype: float64","0.66","0.7","0.5064391500321958","0.06078494028644843","0.9308894628392108","0.08286251099325748","0.9050407720734204","7.755565166473389","0.4978805394990366","0.8488830486202366","0.5175366675776624","0.04053922210518768","0.9532692204904308","0.05843238933939743","0.9320582710678956","7.519678592681885","0.5145652173913043","0.8508267433501079","0.5003126954346466","0.04053922210518768","0.9532692204904308","0.05843238933939743","0.9320582710678956","7.80803108215332","0.4832317073170731","0.8397350993377484"
"vital-fog-66","finished","-","rachael-walker","","2023-04-17T04:03:58.000Z","105","","50","40","BCELoss","adult_balanced_nosched_seed8_v2","200","0.0001","LogisticRegression","SGD","DemographicParityLoss()","EqualizedOddsLoss()","7        0.0
8        1.0
9        0.0
10       0.0
11       0.0
        ... 
10072    1.0
13681    0.0
1886     1.0
6622     0.0
210      0.0
Name: sex_binary, Length: 15682, dtype: float64","0.66","0.7","0.5289761751448808","0.0778648086230681","0.908677076306278","0.12523652160008536","0.8504780692683391","7.745429515838623","0.511928831378892","0.8318002628120894","0.5412225562539856","0.040614060185633405","0.9507772590524178","0.07892958145037421","0.9019811029672884","7.50333309173584","0.5302267002518891","0.832314881380302","0.5322076297686054","0.040614060185633405","0.9507772590524178","0.07892958145037421","0.9019811029672884","7.797053337097168","0.5028478437754271","0.8185430463576159"
"vivid-sky-65","finished","-","rachael-walker","","2023-04-17T04:02:06.000Z","106","","50","30","BCELoss","adult_balanced_nosched_seed8_v2","200","0.0001","LogisticRegression","SGD","DemographicParityLoss()","EqualizedOddsLoss()","7        0.0
8        1.0
9        0.0
10       0.0
11       0.0
        ... 
10072    1.0
13681    0.0
1886     1.0
6622     0.0
210      0.0
Name: sex_binary, Length: 15682, dtype: float64","0.66","0.7","0.5392788151963941","0.08145411655898227","0.9014946680934516","0.135230392026224","0.8321646517935402","7.735152244567871","0.5190775681341719","0.8134034165571616","0.5535209984513073","0.03290902611349533","0.9580968579347776","0.0745621960345777","0.9013107313911622","7.484086990356445","0.5396578538102644","0.8107476635514018","0.5390869293308318","0.03290902611349533","0.9580968579347776","0.0745621960345777","0.9013107313911622","7.78334379196167","0.5075757575757576","0.7986754966887417"
"true-pond-64","finished","-","rachael-walker","","2023-04-17T04:00:15.000Z","106","","50","20","BCELoss","adult_balanced_nosched_seed8_v2","200","0.0001","LogisticRegression","SGD","DemographicParityLoss()","EqualizedOddsLoss()","7        0.0
8        1.0
9        0.0
10       0.0
11       0.0
        ... 
10072    1.0
13681    0.0
1886     1.0
6622     0.0
210      0.0
Name: sex_binary, Length: 15682, dtype: float64","0.66","0.7","0.5537669027688346","0.07382709698873269","0.903335118031598","0.13365802307917807","0.8179235607511414","7.725661277770996","0.5308250226654578","0.7693823915900131","0.573836202969846","0.028794055508877703","0.960288143635769","0.08220185321243756","0.8793632262314768","7.460952281951904","0.5573091849935317","0.7742631200575126","0.5622263914946842","0.028794055508877703","0.960288143635769","0.08220185321243756","0.8793632262314768","7.765768051147461","0.5253456221198156","0.7549668874172185"
"flowing-field-63","finished","-","rachael-walker","","2023-04-17T03:58:23.000Z","106","","50","10","BCELoss","adult_balanced_nosched_seed8_v2","200","0.0001","LogisticRegression","SGD","DemographicParityLoss()","EqualizedOddsLoss()","7        0.0
8        1.0
9        0.0
10       0.0
11       0.0
        ... 
10072    1.0
13681    0.0
1886     1.0
6622     0.0
210      0.0
Name: sex_binary, Length: 15682, dtype: float64","0.66","0.7","0.5608499678042499","0.06189321964766792","0.9103072833919388","0.11097859979212744","0.8291799983591764","7.7185139656066895","0.5394211576846307","0.7102496714848883","0.5765691901248065","0.027729090477574325","0.9583304508950736","0.10456689224010518","0.870514389287472","7.432662487030029","0.564652738565782","0.7189072609633357","0.5747342088805504","0.027729090477574325","0.9583304508950736","0.10456689224010518","0.870514389287472","7.742704391479492","0.5380710659898477","0.7019867549668874"
"efficient-pyramid-62","finished","-","rachael-walker","","2023-04-17T03:56:32.000Z","105","","50","1","BCELoss","adult_balanced_nosched_seed8_v2","200","0.0001","LogisticRegression","SGD","DemographicParityLoss()","EqualizedOddsLoss()","7        0.0
8        1.0
9        0.0
10       0.0
11       0.0
        ... 
10072    1.0
13681    0.0
1886     1.0
6622     0.0
210      0.0
Name: sex_binary, Length: 15682, dtype: float64","0.66","0.7","0.5830650354153252","0.0385268665518379","0.9377306788245342","0.12027622335992372","0.8435241536705972","7.715511322021484","0.5618528610354223","0.6773981603153745","0.5964288967841851","0.002623453488549199","0.9955627114002392","0.10627690192899208","0.8627796708325361","7.401674270629883","0.5874730021598272","0.6843997124370956","0.5891181988742964","0.002623453488549199","0.9955627114002392","0.10627690192899208","0.8627796708325361","7.715652942657471","0.5539647577092511","0.6662251655629139"
"morning-cherry-61","finished","-","rachael-walker","","2023-04-17T03:54:38.000Z","108","","50","0","BCELoss","adult_balanced_nosched_seed8_v2","200","0.0001","LogisticRegression","SGD","DemographicParityLoss()","EqualizedOddsLoss()","7        0.0
8        1.0
9        0.0
10       0.0
11       0.0
        ... 
10072    1.0
13681    0.0
1886     1.0
6622     0.0
210      0.0
Name: sex_binary, Length: 15682, dtype: float64","0.66","0.7","0.5814552479072762","0.037121383348791115","0.9394298038869916","0.1176432568503053","0.8470105861337233","7.715415477752685","0.560989010989011","0.6708278580814717","0.5935137104855607","0.0005892146088927186","0.9989903165681376","0.1054031250226829","0.8620147652330565","7.39786958694458","0.5860399750156152","0.6745147375988497","0.5897435897435898","0.0005892146088927186","0.9989903165681376","0.1054031250226829","0.8620147652330565","7.712218761444092","0.5549389567147613","0.6622516556291391"
"silver-donkey-60","finished","-","rachael-walker","","2023-04-17T03:52:48.000Z","104","","40","200","BCELoss","adult_balanced_nosched_seed8_v2","200","0.0001","LogisticRegression","SGD","DemographicParityLoss()","EqualizedOddsLoss()","7        0.0
8        1.0
9        0.0
10       0.0
11       0.0
        ... 
10072    1.0
13681    0.0
1886     1.0
6622     0.0
210      0.0
Name: sex_binary, Length: 15682, dtype: float64","0.66","0.7","0.4697359948486799","0.036380971679903173","0.9615503945781","0.02868240812301792","0.9700788167753236","7.842454433441162","0.47812390619530976","0.897503285151117","0.485651817436458","0.029767408407221696","0.96833410641952","0.02208295299050211","0.9759275917851284","7.642714977264404","0.4959333465582226","0.8986340762041697","0.46028767979987495","0.029767408407221696","0.96833410641952","0.02208295299050211","0.9759275917851284","7.86829948425293","0.4627586206896552","0.8887417218543047"
"hardy-paper-59","finished","-","rachael-walker","","2023-04-17T03:51:00.000Z","102","","40","150","BCELoss","adult_balanced_nosched_seed8_v2","200","0.0001","LogisticRegression","SGD","DemographicParityLoss()","EqualizedOddsLoss()","7        0.0
8        1.0
9        0.0
10       0.0
11       0.0
        ... 
10072    1.0
13681    0.0
1886     1.0
6622     0.0
210      0.0
Name: sex_binary, Length: 15682, dtype: float64","0.66","0.7","0.4752092723760464","0.03546493955902641","0.9621441656392414","0.030587906084268313","0.9676612710085514","7.823478698730469","0.4809187279151944","0.8942181340341656","0.4903889951717227","0.03145938169427254","0.9662247961113056","0.023841019157765153","0.9739104092679236","7.613897800445557","0.4984960898335673","0.8936017253774263","0.4652908067542214","0.03145938169427254","0.9662247961113056","0.023841019157765153","0.9739104092679236","7.8577470779418945","0.46518105849582175","0.8847682119205298"
"noble-sun-58","finished","-","rachael-walker","","2023-04-17T03:49:10.000Z","104","","40","100","BCELoss","adult_balanced_nosched_seed8_v2","200","0.0001","LogisticRegression","SGD","DemographicParityLoss()","EqualizedOddsLoss()","7        0.0
8        1.0
9        0.0
10       0.0
11       0.0
        ... 
10072    1.0
13681    0.0
1886     1.0
6622     0.0
210      0.0
Name: sex_binary, Length: 15682, dtype: float64","0.66","0.7","0.4819703799098519","0.04125781653897809","0.9553475529862958","0.04554539882205577","0.9511068197260666","7.7965569496154785","0.48433561397191216","0.8837056504599211","0.500409948073244","0.026893134967189813","0.9704439845409734","0.029203070909085804","0.9679182865629108","7.576653957366943","0.5040924902803355","0.8855140186915887","0.474671669793621","0.026893134967189813","0.9704439845409734","0.029203070909085804","0.9679182865629108","7.8410725593566895","0.4698795180722892","0.8781456953642384"
"ethereal-aardvark-57","finished","-","rachael-walker","","2023-04-17T03:47:21.000Z","103","","40","50","BCELoss","adult_balanced_nosched_seed8_v2","200","0.0001","LogisticRegression","SGD","DemographicParityLoss()","EqualizedOddsLoss()","7        0.0
8        1.0
9        0.0
10       0.0
11       0.0
        ... 
10072    1.0
13681    0.0
1886     1.0
6622     0.0
210      0.0
Name: sex_binary, Length: 15682, dtype: float64","0.66","0.7","0.5064391500321958","0.06078494028644843","0.9308894628392108","0.08286251099325748","0.9050407720734204","7.755685806274414","0.4978805394990366","0.8488830486202366","0.5175366675776624","0.04053922210518768","0.9532692204904308","0.05843238933939743","0.9320582710678956","7.519894599914551","0.5145652173913043","0.8508267433501079","0.5003126954346466","0.04053922210518768","0.9532692204904308","0.05843238933939743","0.9320582710678956","7.808263778686523","0.4832317073170731","0.8397350993377484"
"fiery-silence-56","finished","-","rachael-walker","","2023-04-17T03:45:31.000Z","104","","40","40","BCELoss","adult_balanced_nosched_seed8_v2","200","0.0001","LogisticRegression","SGD","DemographicParityLoss()","EqualizedOddsLoss()","7        0.0
8        1.0
9        0.0
10       0.0
11       0.0
        ... 
10072    1.0
13681    0.0
1886     1.0
6622     0.0
210      0.0
Name: sex_binary, Length: 15682, dtype: float64","0.66","0.7","0.5289761751448808","0.0778648086230681","0.908677076306278","0.12523652160008536","0.8504780692683391","7.745503902435303","0.511928831378892","0.8318002628120894","0.5412225562539856","0.040614060185633405","0.9507772590524178","0.07892958145037421","0.9019811029672884","7.503597736358643","0.5302267002518891","0.832314881380302","0.5322076297686054","0.040614060185633405","0.9507772590524178","0.07892958145037421","0.9019811029672884","7.7972731590271","0.5028478437754271","0.8185430463576159"
"polar-butterfly-55","finished","-","rachael-walker","","2023-04-17T03:43:41.000Z","104","","40","30","BCELoss","adult_balanced_nosched_seed8_v2","200","0.0001","LogisticRegression","SGD","DemographicParityLoss()","EqualizedOddsLoss()","7        0.0
8        1.0
9        0.0
10       0.0
11       0.0
        ... 
10072    1.0
13681    0.0
1886     1.0
6622     0.0
210      0.0
Name: sex_binary, Length: 15682, dtype: float64","0.66","0.7","0.5392788151963941","0.08072877291704006","0.9022335682095336","0.13363803533832586","0.8338125025891711","7.735169887542725","0.5190935795216114","0.8127463863337714","0.5535209984513073","0.03270345031854471","0.9583410478853644","0.07410179087803992","0.9018603111054252","7.484362602233887","0.5396673447409357","0.810567936736161","0.5390869293308318","0.03270345031854471","0.9583410478853644","0.07410179087803992","0.9018603111054252","7.7834553718566895","0.5075757575757576","0.7986754966887417"
"bright-pyramid-54","finished","-","rachael-walker","","2023-04-17T03:41:51.000Z","104","","40","20","BCELoss","adult_balanced_nosched_seed8_v2","200","0.0001","LogisticRegression","SGD","DemographicParityLoss()","EqualizedOddsLoss()","7        0.0
8        1.0
9        0.0
10       0.0
11       0.0
        ... 
10072    1.0
13681    0.0
1886     1.0
6622     0.0
210      0.0
Name: sex_binary, Length: 15682, dtype: float64","0.66","0.7","0.5537669027688346","0.07382709698873269","0.903335118031598","0.13365802307917807","0.8179235607511414","7.72563886642456","0.5308250226654578","0.7693823915900131","0.573836202969846","0.028794055508877703","0.960288143635769","0.08220185321243756","0.8793632262314768","7.46117115020752","0.5573091849935317","0.7742631200575126","0.5622263914946842","0.028794055508877703","0.960288143635769","0.08220185321243756","0.8793632262314768","7.76561450958252","0.5253456221198156","0.7549668874172185"
"cool-sky-53","finished","-","rachael-walker","","2023-04-17T03:40:02.000Z","104","","40","10","BCELoss","adult_balanced_nosched_seed8_v2","200","0.0001","LogisticRegression","SGD","DemographicParityLoss()","EqualizedOddsLoss()","7        0.0
8        1.0
9        0.0
10       0.0
11       0.0
        ... 
10072    1.0
13681    0.0
1886     1.0
6622     0.0
210      0.0
Name: sex_binary, Length: 15682, dtype: float64","0.66","0.7","0.5608499678042499","0.06367020765299891","0.9077321567062472","0.11307065000133244","0.8259598818606942","7.7185211181640625","0.5395","0.7089356110381078","0.5766602896966384","0.027991981087193363","0.9578724870876189","0.10583888715212551","0.8689392727809205","7.432711601257324","0.5648423136755762","0.7178289000718907","0.5753595997498436","0.027991981087193363","0.9578724870876189","0.10583888715212551","0.8689392727809205","7.742051601409912","0.5387755102040817","0.6993377483443709"
"snowy-flower-52","finished","-","rachael-walker","","2023-04-17T03:38:14.000Z","102","","40","1","BCELoss","adult_balanced_nosched_seed8_v2","200","0.0001","LogisticRegression","SGD","DemographicParityLoss()","EqualizedOddsLoss()","7        0.0
8        1.0
9        0.0
10       0.0
11       0.0
        ... 
10072    1.0
13681    0.0
1886     1.0
6622     0.0
210      0.0
Name: sex_binary, Length: 15682, dtype: float64","0.66","0.7","0.5830650354153252","0.03796467327061914","0.9384064598740428","0.12259282567652607","0.8427764326069411","7.715622425079346","0.562055768179333","0.6754270696452037","0.5959733989250251","0.0022916768816345634","0.9960998364790316","0.1081556098805121","0.8599269089162175","7.401445388793945","0.5876144653111904","0.6804457225017972","0.590368980612883","0.0022916768816345634","0.9960998364790316","0.1081556098805121","0.8599269089162175","7.714315414428711","0.5553097345132744","0.6649006622516557"
"rose-smoke-51","finished","-","rachael-walker","","2023-04-17T03:36:22.000Z","107","","40","0","BCELoss","adult_balanced_nosched_seed8_v2","200","0.0001","LogisticRegression","SGD","DemographicParityLoss()","EqualizedOddsLoss()","7        0.0
8        1.0
9        0.0
10       0.0
11       0.0
        ... 
10072    1.0
13681    0.0
1886     1.0
6622     0.0
210      0.0
Name: sex_binary, Length: 15682, dtype: float64","0.66","0.7","0.581777205408886","0.037565630350123835","0.938704935211153","0.1176432568503053","0.8451283403867594","7.715540409088135","0.5612974161627268","0.6708278580814717","0.5937870092010568","0.0015829211342321958","0.9972874921648966","0.1054031250226829","0.8620147652330565","7.39760160446167","0.5863146383377598","0.6745147375988497","0.5897435897435898","0.0015829211342321958","0.9972874921648966","0.1054031250226829","0.8620147652330565","7.710794448852539","0.5549389567147613","0.6622516556291391"
"fragrant-frog-50","finished","-","rachael-walker","","2023-04-17T03:34:35.000Z","102","","30","200","BCELoss","adult_balanced_nosched_seed8_v2","200","0.0001","LogisticRegression","SGD","DemographicParityLoss()","EqualizedOddsLoss()","7        0.0
8        1.0
9        0.0
10       0.0
11       0.0
        ... 
10072    1.0
13681    0.0
1886     1.0
6622     0.0
210      0.0
Name: sex_binary, Length: 15682, dtype: float64","0.66","0.7","0.4697359948486799","0.036380971679903173","0.9615503945781","0.02868240812301792","0.9700788167753236","7.842337608337402","0.47812390619530976","0.897503285151117","0.485651817436458","0.029767408407221696","0.96833410641952","0.02208295299050211","0.9759275917851284","7.642142295837402","0.4959333465582226","0.8986340762041697","0.46028767979987495","0.029767408407221696","0.96833410641952","0.02208295299050211","0.9759275917851284","7.867389678955078","0.4627586206896552","0.8887417218543047"
"copper-oath-49","finished","-","rachael-walker","","2023-04-17T03:32:49.000Z","101","","30","150","BCELoss","adult_balanced_nosched_seed8_v2","200","0.0001","LogisticRegression","SGD","DemographicParityLoss()","EqualizedOddsLoss()","7        0.0
8        1.0
9        0.0
10       0.0
11       0.0
        ... 
10072    1.0
13681    0.0
1886     1.0
6622     0.0
210      0.0
Name: sex_binary, Length: 15682, dtype: float64","0.66","0.7","0.4752092723760464","0.03546493955902641","0.9621441656392414","0.030587906084268313","0.9676612710085514","7.823480606079102","0.4809187279151944","0.8942181340341656","0.4903889951717227","0.03145938169427254","0.9662247961113056","0.023841019157765153","0.9739104092679236","7.613509178161621","0.4984960898335673","0.8936017253774263","0.4652908067542214","0.03145938169427254","0.9662247961113056","0.023841019157765153","0.9739104092679236","7.857183456420898","0.46518105849582175","0.8847682119205298"
"drawn-glade-48","finished","-","rachael-walker","","2023-04-17T03:31:01.000Z","103","","30","100","BCELoss","adult_balanced_nosched_seed8_v2","200","0.0001","LogisticRegression","SGD","DemographicParityLoss()","EqualizedOddsLoss()","7        0.0
8        1.0
9        0.0
10       0.0
11       0.0
        ... 
10072    1.0
13681    0.0
1886     1.0
6622     0.0
210      0.0
Name: sex_binary, Length: 15682, dtype: float64","0.66","0.7","0.4819703799098519","0.04125781653897809","0.9553475529862958","0.04554539882205577","0.9511068197260666","7.796683311462402","0.48433561397191216","0.8837056504599211","0.500409948073244","0.026893134967189813","0.9704439845409734","0.029203070909085804","0.9679182865629108","7.576531410217285","0.5040924902803355","0.8855140186915887","0.474671669793621","0.026893134967189813","0.9704439845409734","0.029203070909085804","0.9679182865629108","7.840937614440918","0.4698795180722892","0.8781456953642384"
"glorious-cloud-47","finished","-","rachael-walker","","2023-04-17T03:29:16.000Z","100","","30","50","BCELoss","adult_balanced_nosched_seed8_v2","200","0.0001","LogisticRegression","SGD","DemographicParityLoss()","EqualizedOddsLoss()","7        0.0
8        1.0
9        0.0
10       0.0
11       0.0
        ... 
10072    1.0
13681    0.0
1886     1.0
6622     0.0
210      0.0
Name: sex_binary, Length: 15682, dtype: float64","0.66","0.7","0.5064391500321958","0.06078494028644843","0.9308894628392108","0.08286251099325748","0.9050407720734204","7.755805492401123","0.4978805394990366","0.8488830486202366","0.5175366675776624","0.04053922210518768","0.9532692204904308","0.05843238933939743","0.9320582710678956","7.520115375518799","0.5145652173913043","0.8508267433501079","0.5003126954346466","0.04053922210518768","0.9532692204904308","0.05843238933939743","0.9320582710678956","7.80850076675415","0.4832317073170731","0.8397350993377484"
"eager-dew-46","finished","-","rachael-walker","","2023-04-17T03:27:29.000Z","102","","30","40","BCELoss","adult_balanced_nosched_seed8_v2","200","0.0001","LogisticRegression","SGD","DemographicParityLoss()","EqualizedOddsLoss()","7        0.0
8        1.0
9        0.0
10       0.0
11       0.0
        ... 
10072    1.0
13681    0.0
1886     1.0
6622     0.0
210      0.0
Name: sex_binary, Length: 15682, dtype: float64","0.66","0.7","0.5286542176432711","0.07830905562440083","0.9081560458726164","0.12523652160008536","0.8504780692683391","7.745577335357666","0.5117313915857605","0.831143232588699","0.5412225562539856","0.040614060185633405","0.9507772590524178","0.07892958145037421","0.9019811029672884","7.503865718841553","0.5302267002518891","0.832314881380302","0.5315822388993121","0.040614060185633405","0.9507772590524178","0.07892958145037421","0.9019811029672884","7.797492504119873","0.502442996742671","0.8172185430463577"
"usual-universe-45","finished","-","rachael-walker","","2023-04-17T03:25:44.000Z","101","","30","30","BCELoss","adult_balanced_nosched_seed8_v2","200","0.0001","LogisticRegression","SGD","DemographicParityLoss()","EqualizedOddsLoss()","7        0.0
8        1.0
9        0.0
10       0.0
11       0.0
        ... 
10072    1.0
13681    0.0
1886     1.0
6622     0.0
210      0.0
Name: sex_binary, Length: 15682, dtype: float64","0.66","0.7","0.5392788151963941","0.08072877291704006","0.9022335682095336","0.13363803533832586","0.8338125025891711","7.735184192657471","0.5190935795216114","0.8127463863337714","0.5536120980231393","0.03237221481009822","0.9587455818861602","0.07364138572150225","0.9024105614477712","7.484640598297119","0.5397319291527046","0.810567936736161","0.5390869293308318","0.03237221481009822","0.9587455818861602","0.07364138572150225","0.9024105614477712","7.783559799194336","0.5075757575757576","0.7986754966887417"
"glad-hill-44","finished","-","rachael-walker","","2023-04-17T03:23:59.000Z","100","","30","20","BCELoss","adult_balanced_nosched_seed8_v2","200","0.0001","LogisticRegression","SGD","DemographicParityLoss()","EqualizedOddsLoss()","7        0.0
8        1.0
9        0.0
10       0.0
11       0.0
        ... 
10072    1.0
13681    0.0
1886     1.0
6622     0.0
210      0.0
Name: sex_binary, Length: 15682, dtype: float64","0.66","0.7","0.5540888602704443","0.07427134399006541","0.9027534469961624","0.13470404818378057","0.8164986068125506","7.725614070892334","0.5310657596371882","0.7693823915900131","0.573745103398014","0.03022205598937311","0.9582996402961986","0.08359272852489086","0.8772390761622293","7.461386680603027","0.5573558003888529","0.7728253055355859","0.5628517823639775","0.03022205598937311","0.9582996402961986","0.08359272852489086","0.8772390761622293","7.765437602996826","0.525830258302583","0.7549668874172185"
"sweet-fog-43","finished","-","rachael-walker","","2023-04-17T03:22:11.000Z","103","","30","10","BCELoss","adult_balanced_nosched_seed8_v2","200","0.0001","LogisticRegression","SGD","DemographicParityLoss()","EqualizedOddsLoss()","7        0.0
8        1.0
9        0.0
10       0.0
11       0.0
        ... 
10072    1.0
13681    0.0
1886     1.0
6622     0.0
210      0.0
Name: sex_binary, Length: 15682, dtype: float64","0.66","0.7","0.5618158403090792","0.06338911101238953","0.9079835485304024","0.1135703435226395","0.8247612389871803","7.718527317047119","0.5403104656985478","0.7089356110381078","0.5789377789924387","0.025376810567503297","0.9614818546489228","0.10753488036815272","0.8668391174388518","7.432745456695557","0.5669985775248934","0.716391085549964","0.5766103814884302","0.025376810567503297","0.9614818546489228","0.10753488036815272","0.8668391174388518","7.741349220275879","0.5399590163934426","0.6980132450331126"
"glorious-vortex-42","finished","-","rachael-walker","","2023-04-17T03:20:25.000Z","102","","30","1","BCELoss","adult_balanced_nosched_seed8_v2","200","0.0001","LogisticRegression","SGD","DemographicParityLoss()","EqualizedOddsLoss()","7        0.0
8        1.0
9        0.0
10       0.0
11       0.0
        ... 
10072    1.0
13681    0.0
1886     1.0
6622     0.0
210      0.0
Name: sex_binary, Length: 15682, dtype: float64","0.66","0.7","0.5827430779137154","0.03679508262734432","0.9401905025734232","0.11818753933291382","0.8464674237895996","7.715738773345947","0.561816192560175","0.6747700394218134","0.5959733989250251","0.0022916768816345634","0.9960998364790316","0.1081556098805121","0.8599269089162175","7.401187896728516","0.5876144653111904","0.6804457225017972","0.590368980612883","0.0022916768816345634","0.9960998364790316","0.1081556098805121","0.8599269089162175","7.712900638580322","0.5553097345132744","0.6649006622516557"
"pleasant-violet-41","finished","-","rachael-walker","","2023-04-17T03:18:39.000Z","101","","30","0","BCELoss","adult_balanced_nosched_seed8_v2","200","0.0001","LogisticRegression","SGD","DemographicParityLoss()","EqualizedOddsLoss()","7        0.0
8        1.0
9        0.0
10       0.0
11       0.0
        ... 
10072    1.0
13681    0.0
1886     1.0
6622     0.0
210      0.0
Name: sex_binary, Length: 15682, dtype: float64","0.66","0.7","0.5804893754024468","0.04111960636078582","0.932905985804443","0.1222764614835099","0.8413638488928319","7.715672016143799","0.560463832136941","0.6668856767411301","0.5927849139109046","0.001068711097621633","0.9981639026522297","0.1053738406061724","0.8616253597001116","7.397305011749268","0.5856561227685562","0.6721782890007189","0.5897435897435898","0.001068711097621633","0.9981639026522297","0.1053738406061724","0.8616253597001116","7.709286689758301","0.5550611790878754","0.6609271523178808"
"colorful-aardvark-40","finished","-","rachael-walker","","2023-04-17T03:16:51.000Z","102","","20","200","BCELoss","adult_balanced_nosched_seed8_v2","200","0.0001","LogisticRegression","SGD","DemographicParityLoss()","EqualizedOddsLoss()","7        0.0
8        1.0
9        0.0
10       0.0
11       0.0
        ... 
10072    1.0
13681    0.0
1886     1.0
6622     0.0
210      0.0
Name: sex_binary, Length: 15682, dtype: float64","0.66","0.7","0.4697359948486799","0.036380971679903173","0.9615503945781","0.02868240812301792","0.9700788167753236","7.842221260070801","0.47812390619530976","0.897503285151117","0.485651817436458","0.029767408407221696","0.96833410641952","0.02208295299050211","0.9759275917851284","7.641563892364502","0.4959333465582226","0.8986340762041697","0.46028767979987495","0.029767408407221696","0.96833410641952","0.02208295299050211","0.9759275917851284","7.866474628448486","0.4627586206896552","0.8887417218543047"
"dutiful-dew-39","finished","-","rachael-walker","","2023-04-17T03:15:07.000Z","99","","20","150","BCELoss","adult_balanced_nosched_seed8_v2","200","0.0001","LogisticRegression","SGD","DemographicParityLoss()","EqualizedOddsLoss()","7        0.0
8        1.0
9        0.0
10       0.0
11       0.0
        ... 
10072    1.0
13681    0.0
1886     1.0
6622     0.0
210      0.0
Name: sex_binary, Length: 15682, dtype: float64","0.66","0.7","0.4752092723760464","0.03546493955902641","0.9621441656392414","0.030587906084268313","0.9676612710085514","7.823484897613525","0.4809187279151944","0.8942181340341656","0.4903889951717227","0.03145938169427254","0.9662247961113056","0.023841019157765153","0.9739104092679236","7.613121032714844","0.4984960898335673","0.8936017253774263","0.4652908067542214","0.03145938169427254","0.9662247961113056","0.023841019157765153","0.9739104092679236","7.856617927551269","0.46518105849582175","0.8847682119205298"
"decent-spaceship-38","finished","-","rachael-walker","","2023-04-17T03:13:20.000Z","102","","20","100","BCELoss","adult_balanced_nosched_seed8_v2","200","0.0001","LogisticRegression","SGD","DemographicParityLoss()","EqualizedOddsLoss()","7        0.0
8        1.0
9        0.0
10       0.0
11       0.0
        ... 
10072    1.0
13681    0.0
1886     1.0
6622     0.0
210      0.0
Name: sex_binary, Length: 15682, dtype: float64","0.66","0.7","0.4819703799098519","0.04125781653897809","0.9553475529862958","0.04554539882205577","0.9511068197260666","7.796809673309326","0.48433561397191216","0.8837056504599211","0.500409948073244","0.026893134967189813","0.9704439845409734","0.029203070909085804","0.9679182865629108","7.576412200927734","0.5040924902803355","0.8855140186915887","0.474671669793621","0.026893134967189813","0.9704439845409734","0.029203070909085804","0.9679182865629108","7.840802669525147","0.4698795180722892","0.8781456953642384"
"breezy-puddle-37","finished","-","rachael-walker","","2023-04-17T03:11:35.000Z","100","","20","50","BCELoss","adult_balanced_nosched_seed8_v2","200","0.0001","LogisticRegression","SGD","DemographicParityLoss()","EqualizedOddsLoss()","7        0.0
8        1.0
9        0.0
10       0.0
11       0.0
        ... 
10072    1.0
13681    0.0
1886     1.0
6622     0.0
210      0.0
Name: sex_binary, Length: 15682, dtype: float64","0.66","0.7","0.5064391500321958","0.06078494028644843","0.9308894628392108","0.08286251099325748","0.9050407720734204","7.755924224853516","0.4978805394990366","0.8488830486202366","0.5175366675776624","0.04053922210518768","0.9532692204904308","0.05843238933939743","0.9320582710678956","7.520339965820312","0.5145652173913043","0.8508267433501079","0.5003126954346466","0.04053922210518768","0.9532692204904308","0.05843238933939743","0.9320582710678956","7.808741569519043","0.4832317073170731","0.8397350993377484"
"astral-wave-36","finished","-","rachael-walker","","2023-04-17T03:09:52.000Z","99","","20","40","BCELoss","adult_balanced_nosched_seed8_v2","200","0.0001","LogisticRegression","SGD","DemographicParityLoss()","EqualizedOddsLoss()","7        0.0
8        1.0
9        0.0
10       0.0
11       0.0
        ... 
10072    1.0
13681    0.0
1886     1.0
6622     0.0
210      0.0
Name: sex_binary, Length: 15682, dtype: float64","0.66","0.7","0.5286542176432711","0.07830905562440083","0.9081560458726164","0.12523652160008536","0.8504780692683391","7.745647430419922","0.5117313915857605","0.831143232588699","0.5412225562539856","0.040408484390682786","0.95100674121467","0.07846917629383654","0.9024971104632648","7.504138946533203","0.5302336234539624","0.8321351545650612","0.5315822388993121","0.040408484390682786","0.95100674121467","0.07846917629383654","0.9024971104632648","7.797713279724121","0.502442996742671","0.8172185430463577"
"elated-snowflake-35","finished","-","rachael-walker","","2023-04-17T03:08:03.000Z","103","","20","30","BCELoss","adult_balanced_nosched_seed8_v2","200","0.0001","LogisticRegression","SGD","DemographicParityLoss()","EqualizedOddsLoss()","7        0.0
8        1.0
9        0.0
10       0.0
11       0.0
        ... 
10072    1.0
13681    0.0
1886     1.0
6622     0.0
210      0.0
Name: sex_binary, Length: 15682, dtype: float64","0.66","0.7","0.5392788151963941","0.08072877291704006","0.9022335682095336","0.13363803533832586","0.8338125025891711","7.735195159912109","0.5190935795216114","0.8127463863337714","0.5536120980231393","0.03237221481009822","0.9587455818861602","0.07364138572150225","0.9024105614477712","7.484921455383301","0.5397319291527046","0.810567936736161","0.5390869293308318","0.03237221481009822","0.9587455818861602","0.07364138572150225","0.9024105614477712","7.783655166625977","0.5075757575757576","0.7986754966887417"
"summer-wave-34","finished","-","rachael-walker","","2023-04-17T03:06:17.000Z","102","","20","20","BCELoss","adult_balanced_nosched_seed8_v2","200","0.0001","LogisticRegression","SGD","DemographicParityLoss()","EqualizedOddsLoss()","7        0.0
8        1.0
9        0.0
10       0.0
11       0.0
        ... 
10072    1.0
13681    0.0
1886     1.0
6622     0.0
210      0.0
Name: sex_binary, Length: 15682, dtype: float64","0.66","0.7","0.5540888602704443","0.07427134399006541","0.9027534469961624","0.13470404818378057","0.8164986068125506","7.725586414337158","0.5310657596371882","0.7693823915900131","0.573654003826182","0.03059903512986073","0.9577794848916592","0.08390127526972269","0.8767859568047075","7.461598873138428","0.5573132780082988","0.7724658519051042","0.5641025641025641","0.03059903512986073","0.9577794848916592","0.08390127526972269","0.8767859568047075","7.765235900878906","0.5268022181146026","0.7549668874172185"
"wandering-morning-33","finished","-","rachael-walker","","2023-04-17T03:04:28.000Z","105","","20","10","BCELoss","adult_balanced_nosched_seed8_v2","200","0.0001","LogisticRegression","SGD","DemographicParityLoss()","EqualizedOddsLoss()","7        0.0
8        1.0
9        0.0
10       0.0
11       0.0
        ... 
10072    1.0
13681    0.0
1886     1.0
6622     0.0
210      0.0
Name: sex_binary, Length: 15682, dtype: float64","0.66","0.7","0.562137797810689","0.06310801437178026","0.908235795428789","0.11302401193934386","0.8251746810396356","7.718535423278809","0.5406218655967904","0.7082785808147175","0.5793021772797667","0.025216978404593693","0.961685929640932","0.10774687952015603","0.8665765980210933","7.432764530181885","0.5673405466970387","0.7162113587347232","0.5766103814884302","0.025216978404593693","0.961685929640932","0.10774687952015603","0.8665765980210933","7.740594863891602","0.5399590163934426","0.6980132450331126"
"vital-tree-32","finished","-","rachael-walker","","2023-04-17T03:02:43.000Z","102","","20","1","BCELoss","adult_balanced_nosched_seed8_v2","200","0.0001","LogisticRegression","SGD","DemographicParityLoss()","EqualizedOddsLoss()","7        0.0
8        1.0
9        0.0
10       0.0
11       0.0
        ... 
10072    1.0
13681    0.0
1886     1.0
6622     0.0
210      0.0
Name: sex_binary, Length: 15682, dtype: float64","0.66","0.7","0.581777205408886","0.036677136347458394","0.9401546725628304","0.11687105607810457","0.8470105861337233","7.715859889984131","0.5612300933552993","0.671484888304862","0.5936048100573927","0.0007148743223885923","0.9987752486851306","0.10519112587067948","0.8622922973532218","7.400900840759277","0.586104605776737","0.6746944644140905","0.5897435897435898","0.0007148743223885923","0.9987752486851306","0.10519112587067948","0.8622922973532218","7.711404323577881","0.5549389567147613","0.6622516556291391"
"still-voice-31","finished","-","rachael-walker","","2023-04-17T03:00:56.000Z","104","","20","0","BCELoss","adult_balanced_nosched_seed8_v2","200","0.0001","LogisticRegression","SGD","DemographicParityLoss()","EqualizedOddsLoss()","7        0.0
8        1.0
9        0.0
10       0.0
11       0.0
        ... 
10072    1.0
13681    0.0
1886     1.0
6622     0.0
210      0.0
Name: sex_binary, Length: 15682, dtype: float64","0.66","0.7","0.5820991629104958","0.03688549078901904","0.9393517411065168","0.1222764614835099","0.8413899613899615","7.715808391571045","0.562015503875969","0.6668856767411301","0.5941514074883848","0.0027017462745995147","0.9953421800577852","0.10664583551819272","0.8599550035908384","7.396976470947266","0.587199245164334","0.6710999281092739","0.5891181988742964","0.0027017462745995147","0.9953421800577852","0.10664583551819272","0.8599550035908384","7.7076945304870605","0.5546875","0.6582781456953642"
"zany-sky-30","finished","-","rachael-walker","","2023-04-17T02:59:06.000Z","107","","10","200","BCELoss","adult_balanced_nosched_seed8_v2","200","0.0001","LogisticRegression","SGD","DemographicParityLoss()","EqualizedOddsLoss()","7        0.0
8        1.0
9        0.0
10       0.0
11       0.0
        ... 
10072    1.0
13681    0.0
1886     1.0
6622     0.0
210      0.0
Name: sex_binary, Length: 15682, dtype: float64","0.66","0.7","0.4697359948486799","0.036380971679903173","0.9615503945781","0.02868240812301792","0.9700788167753236","7.842106342315674","0.47812390619530976","0.897503285151117","0.485651817436458","0.029767408407221696","0.96833410641952","0.02208295299050211","0.9759275917851284","7.640983581542969","0.4959333465582226","0.8986340762041697","0.46028767979987495","0.029767408407221696","0.96833410641952","0.02208295299050211","0.9759275917851284","7.865553855895996","0.4627586206896552","0.8887417218543047"
"polar-sound-29","finished","-","rachael-walker","","2023-04-17T02:57:23.000Z","99","","10","150","BCELoss","adult_balanced_nosched_seed8_v2","200","0.0001","LogisticRegression","SGD","DemographicParityLoss()","EqualizedOddsLoss()","7        0.0
8        1.0
9        0.0
10       0.0
11       0.0
        ... 
10072    1.0
13681    0.0
1886     1.0
6622     0.0
210      0.0
Name: sex_binary, Length: 15682, dtype: float64","0.66","0.7","0.4752092723760464","0.03546493955902641","0.9621441656392414","0.030587906084268313","0.9676612710085514","7.823490619659424","0.4809187279151944","0.8942181340341656","0.4903889951717227","0.03145938169427254","0.9662247961113056","0.023841019157765153","0.9739104092679236","7.612731456756592","0.4984960898335673","0.8936017253774263","0.4652908067542214","0.03145938169427254","0.9662247961113056","0.023841019157765153","0.9739104092679236","7.85605001449585","0.46518105849582175","0.8847682119205298"
"tough-gorge-28","finished","-","rachael-walker","","2023-04-17T02:55:37.000Z","101","","10","100","BCELoss","adult_balanced_nosched_seed8_v2","200","0.0001","LogisticRegression","SGD","DemographicParityLoss()","EqualizedOddsLoss()","7        0.0
8        1.0
9        0.0
10       0.0
11       0.0
        ... 
10072    1.0
13681    0.0
1886     1.0
6622     0.0
210      0.0
Name: sex_binary, Length: 15682, dtype: float64","0.66","0.7","0.4819703799098519","0.04125781653897809","0.9553475529862958","0.04554539882205577","0.9511068197260666","7.796938419342041","0.48433561397191216","0.8837056504599211","0.500409948073244","0.026893134967189813","0.9704439845409734","0.029203070909085804","0.9679182865629108","7.576294898986816","0.5040924902803355","0.8855140186915887","0.474671669793621","0.026893134967189813","0.9704439845409734","0.029203070909085804","0.9679182865629108","7.840672969818115","0.4698795180722892","0.8781456953642384"
"whole-silence-27","finished","-","rachael-walker","","2023-04-17T02:53:51.000Z","101","","10","50","BCELoss","adult_balanced_nosched_seed8_v2","200","0.0001","LogisticRegression","SGD","DemographicParityLoss()","EqualizedOddsLoss()","7        0.0
8        1.0
9        0.0
10       0.0
11       0.0
        ... 
10072    1.0
13681    0.0
1886     1.0
6622     0.0
210      0.0
Name: sex_binary, Length: 15682, dtype: float64","0.66","0.7","0.5064391500321958","0.06078494028644843","0.9308894628392108","0.08286251099325748","0.9050407720734204","7.756042957305908","0.4978805394990366","0.8488830486202366","0.5175366675776624","0.04053922210518768","0.9532692204904308","0.05843238933939743","0.9320582710678956","7.520571231842041","0.5145652173913043","0.8508267433501079","0.5003126954346466","0.04053922210518768","0.9532692204904308","0.05843238933939743","0.9320582710678956","7.80898380279541","0.4832317073170731","0.8397350993377484"
"polished-hill-26","finished","-","rachael-walker","","2023-04-17T02:52:08.000Z","100","","10","40","BCELoss","adult_balanced_nosched_seed8_v2","200","0.0001","LogisticRegression","SGD","DemographicParityLoss()","EqualizedOddsLoss()","7        0.0
8        1.0
9        0.0
10       0.0
11       0.0
        ... 
10072    1.0
13681    0.0
1886     1.0
6622     0.0
210      0.0
Name: sex_binary, Length: 15682, dtype: float64","0.66","0.7","0.5286542176432711","0.07830905562440083","0.9081560458726164","0.12523652160008536","0.8504780692683391","7.745715141296387","0.5117313915857605","0.831143232588699","0.5412225562539856","0.040408484390682786","0.95100674121467","0.07846917629383654","0.9024971104632648","7.504416465759277","0.5302336234539624","0.8321351545650612","0.5315822388993121","0.040408484390682786","0.95100674121467","0.07846917629383654","0.9024971104632648","7.797932147979736","0.502442996742671","0.8172185430463577"
"sunny-armadillo-25","finished","-","rachael-walker","","2023-04-17T02:50:25.000Z","100","","10","30","BCELoss","adult_balanced_nosched_seed8_v2","200","0.0001","LogisticRegression","SGD","DemographicParityLoss()","EqualizedOddsLoss()","7        0.0
8        1.0
9        0.0
10       0.0
11       0.0
        ... 
10072    1.0
13681    0.0
1886     1.0
6622     0.0
210      0.0
Name: sex_binary, Length: 15682, dtype: float64","0.66","0.7","0.5392788151963941","0.08072877291704006","0.9022335682095336","0.13363803533832586","0.8338125025891711","7.735201835632324","0.5190935795216114","0.8127463863337714","0.5537031975949713","0.03204097930165162","0.9591504575541866","0.07318098056496447","0.9029614836464572","7.485205173492432","0.5397965290245362","0.810567936736161","0.5390869293308318","0.03204097930165162","0.9591504575541866","0.07318098056496447","0.9029614836464572","7.783742904663086","0.5075757575757576","0.7986754966887417"
"crisp-serenity-24","finished","-","rachael-walker","","2023-04-17T02:48:42.000Z","100","","10","20","BCELoss","adult_balanced_nosched_seed8_v2","200","0.0001","LogisticRegression","SGD","DemographicParityLoss()","EqualizedOddsLoss()","7        0.0
8        1.0
9        0.0
10       0.0
11       0.0
        ... 
10072    1.0
13681    0.0
1886     1.0
6622     0.0
210      0.0
Name: sex_binary, Length: 15682, dtype: float64","0.66","0.7","0.5540888602704443","0.07427134399006541","0.9027534469961624","0.13470404818378057","0.8164986068125506","7.725554943084717","0.5310657596371882","0.7693823915900131","0.573654003826182","0.03059903512986073","0.9577794848916592","0.08390127526972269","0.8767859568047075","7.461805820465088","0.5573132780082988","0.7724658519051042","0.5641025641025641","0.03059903512986073","0.9577794848916592","0.08390127526972269","0.8767859568047075","7.765007495880127","0.5268022181146026","0.7549668874172185"
"hopeful-monkey-23","finished","-","rachael-walker","","2023-04-17T02:47:00.000Z","98","","10","10","BCELoss","adult_balanced_nosched_seed8_v2","200","0.0001","LogisticRegression","SGD","DemographicParityLoss()","EqualizedOddsLoss()","7        0.0
8        1.0
9        0.0
10       0.0
11       0.0
        ... 
10072    1.0
13681    0.0
1886     1.0
6622     0.0
210      0.0
Name: sex_binary, Length: 15682, dtype: float64","0.66","0.7","0.5614938828074694","0.06238267072983805","0.909135973638822","0.11302401193934386","0.8251746810396356","7.7185444831848145","0.5401606425702812","0.7069645203679369","0.5797576751389268","0.024474591306245852","0.9627576657492156","0.10774687952015603","0.8665765980210933","7.432768821716309","0.5677446929762074","0.7162113587347232","0.5772357723577236","0.024474591306245852","0.9627576657492156","0.10774687952015603","0.8665765980210933","7.739785194396973","0.5405128205128205","0.6980132450331126"
"vital-fog-22","finished","-","rachael-walker","","2023-04-17T02:45:16.000Z","99","","10","1","BCELoss","adult_balanced_nosched_seed8_v2","200","0.0001","LogisticRegression","SGD","DemographicParityLoss()","EqualizedOddsLoss()","7        0.0
8        1.0
9        0.0
10       0.0
11       0.0
        ... 
10072    1.0
13681    0.0
1886     1.0
6622     0.0
210      0.0
Name: sex_binary, Length: 15682, dtype: float64","0.66","0.7","0.581777205408886","0.036677136347458394","0.9401546725628304","0.11687105607810457","0.8470105861337233","7.715987682342529","0.5612300933552993","0.671484888304862","0.5935137104855607","0.0005892146088927186","0.9989903165681376","0.1054031250226829","0.8620147652330565","7.400583267211914","0.5860399750156152","0.6745147375988497","0.5897435897435898","0.0005892146088927186","0.9989903165681376","0.1054031250226829","0.8620147652330565","7.709822177886963","0.5549389567147613","0.6622516556291391"
"polar-eon-21","finished","-","rachael-walker","","2023-04-17T02:43:36.000Z","97","","10","0","BCELoss","adult_balanced_nosched_seed8_v2","200","0.0001","LogisticRegression","SGD","DemographicParityLoss()","EqualizedOddsLoss()","7        0.0
8        1.0
9        0.0
10       0.0
11       0.0
        ... 
10072    1.0
13681    0.0
1886     1.0
6622     0.0
210      0.0
Name: sex_binary, Length: 15682, dtype: float64","0.66","0.7","0.5856406954282035","0.02144491986667396","0.9635478996302064","0.11809909342949","0.8450376057312472","7.715953826904297","0.5660483417650365","0.6616294349540078","0.5969754942151771","0.009999957544581828","0.9826812487182194","0.10458791694939472","0.8620156298191007","7.396614551544189","0.5903614457831325","0.6693026599568656","0.5909943714821764","0.009999957544581828","0.9826812487182194","0.10458791694939472","0.8620156298191007","7.706014156341553","0.5566778900112234","0.6569536423841059"
"jumping-surf-20","finished","-","rachael-walker","","2023-04-17T02:41:52.000Z","100","","1","200","BCELoss","adult_balanced_nosched_seed8_v2","200","0.0001","LogisticRegression","SGD","DemographicParityLoss()","EqualizedOddsLoss()","7        0.0
8        1.0
9        0.0
10       0.0
11       0.0
        ... 
10072    1.0
13681    0.0
1886     1.0
6622     0.0
210      0.0
Name: sex_binary, Length: 15682, dtype: float64","0.66","0.7","0.4697359948486799","0.036380971679903173","0.9615503945781","0.02868240812301792","0.9700788167753236","7.8420023918151855","0.47812390619530976","0.897503285151117","0.4857429170082901","0.02989306812071757","0.968200432467778","0.02208295299050211","0.9759275917851284","7.640458583831787","0.49598254141454223","0.8986340762041697","0.46028767979987495","0.02989306812071757","0.968200432467778","0.02208295299050211","0.9759275917851284","7.864719867706299","0.4627586206896552","0.8887417218543047"
"dauntless-sun-19","finished","-","rachael-walker","","2023-04-17T02:40:09.000Z","100","","1","150","BCELoss","adult_balanced_nosched_seed8_v2","200","0.0001","LogisticRegression","SGD","DemographicParityLoss()","EqualizedOddsLoss()","7        0.0
8        1.0
9        0.0
10       0.0
11       0.0
        ... 
10072    1.0
13681    0.0
1886     1.0
6622     0.0
210      0.0
Name: sex_binary, Length: 15682, dtype: float64","0.66","0.7","0.4752092723760464","0.03546493955902641","0.9621441656392414","0.030587906084268313","0.9676612710085514","7.823496341705322","0.4809187279151944","0.8942181340341656","0.4903889951717227","0.03145938169427254","0.9662247961113056","0.023841019157765153","0.9739104092679236","7.612380504608154","0.4984960898335673","0.8936017253774263","0.4652908067542214","0.03145938169427254","0.9662247961113056","0.023841019157765153","0.9739104092679236","7.855535507202148","0.46518105849582175","0.8847682119205298"
"curious-valley-18","finished","-","rachael-walker","","2023-04-17T02:38:23.000Z","100","","1","100","BCELoss","adult_balanced_nosched_seed8_v2","200","0.0001","LogisticRegression","SGD","DemographicParityLoss()","EqualizedOddsLoss()","7        0.0
8        1.0
9        0.0
10       0.0
11       0.0
        ... 
10072    1.0
13681    0.0
1886     1.0
6622     0.0
210      0.0
Name: sex_binary, Length: 15682, dtype: float64","0.66","0.7","0.4819703799098519","0.04125781653897809","0.9553475529862958","0.04554539882205577","0.9511068197260666","7.797055244445801","0.48433561397191216","0.8837056504599211","0.500409948073244","0.026893134967189813","0.9704439845409734","0.029203070909085804","0.9679182865629108","7.5761919021606445","0.5040924902803355","0.8855140186915887","0.474671669793621","0.026893134967189813","0.9704439845409734","0.029203070909085804","0.9679182865629108","7.840555191040039","0.4698795180722892","0.8781456953642384"
"still-lake-17","finished","-","rachael-walker","","2023-04-17T02:36:43.000Z","97","","1","50","BCELoss","adult_balanced_nosched_seed8_v2","200","0.0001","LogisticRegression","SGD","DemographicParityLoss()","EqualizedOddsLoss()","7        0.0
8        1.0
9        0.0
10       0.0
11       0.0
        ... 
10072    1.0
13681    0.0
1886     1.0
6622     0.0
210      0.0
Name: sex_binary, Length: 15682, dtype: float64","0.66","0.7","0.5064391500321958","0.06078494028644843","0.9308894628392108","0.08286251099325748","0.9050407720734204","7.756148815155029","0.4978805394990366","0.8488830486202366","0.5175366675776624","0.04053922210518768","0.9532692204904308","0.05843238933939743","0.9320582710678956","7.520784854888916","0.5145652173913043","0.8508267433501079","0.5003126954346466","0.04053922210518768","0.9532692204904308","0.05843238933939743","0.9320582710678956","7.809206485748291","0.4832317073170731","0.8397350993377484"
"silver-firebrand-16","finished","-","rachael-walker","","2023-04-17T02:35:01.000Z","98","","1","40","BCELoss","adult_balanced_nosched_seed8_v2","200","0.0001","LogisticRegression","SGD","DemographicParityLoss()","EqualizedOddsLoss()","7        0.0
8        1.0
9        0.0
10       0.0
11       0.0
        ... 
10072    1.0
13681    0.0
1886     1.0
6622     0.0
210      0.0
Name: sex_binary, Length: 15682, dtype: float64","0.66","0.7","0.5286542176432711","0.07830905562440083","0.9081560458726164","0.12523652160008536","0.8504780692683391","7.745774269104004","0.5117313915857605","0.831143232588699","0.5412225562539856","0.040408484390682786","0.95100674121467","0.07846917629383654","0.9024971104632648","7.504671573638916","0.5302336234539624","0.8321351545650612","0.5315822388993121","0.040408484390682786","0.95100674121467","0.07846917629383654","0.9024971104632648","7.798129558563232","0.502442996742671","0.8172185430463577"
"feasible-capybara-15","finished","-","rachael-walker","","2023-04-17T02:33:19.000Z","100","","1","30","BCELoss","adult_balanced_nosched_seed8_v2","200","0.0001","LogisticRegression","SGD","DemographicParityLoss()","EqualizedOddsLoss()","7        0.0
8        1.0
9        0.0
10       0.0
11       0.0
        ... 
10072    1.0
13681    0.0
1886     1.0
6622     0.0
210      0.0
Name: sex_binary, Length: 15682, dtype: float64","0.66","0.7","0.5389568576947843","0.08117301991837289","0.901695563696588","0.13363803533832586","0.8338125025891711","7.735204219818115","0.5188916876574308","0.812089356110381","0.5530655005921472","0.03225812627922964","0.9588388490122594","0.0734895273097963","0.9025523484023946","7.485461711883545","0.5394200814761563","0.8091301222142344","0.5384615384615384","0.03225812627922964","0.9588388490122594","0.0734895273097963","0.9025523484023946","7.783813953399658","0.5071609098567817","0.7973509933774835"
"golden-spaceship-14","finished","-","rachael-walker","","2023-04-17T02:31:38.000Z","99","","1","20","BCELoss","adult_balanced_nosched_seed8_v2","200","0.0001","LogisticRegression","SGD","DemographicParityLoss()","EqualizedOddsLoss()","7        0.0
8        1.0
9        0.0
10       0.0
11       0.0
        ... 
10072    1.0
13681    0.0
1886     1.0
6622     0.0
210      0.0
Name: sex_binary, Length: 15682, dtype: float64","0.66","0.7","0.5540888602704443","0.07427134399006541","0.9027534469961624","0.13470404818378057","0.8164986068125506","7.725522994995117","0.5310657596371882","0.7693823915900131","0.5740184021135101","0.031101673983844114","0.9570859443522736","0.08513546224905011","0.8749734793746201","7.46198844909668","0.5576024909185262","0.7724658519051042","0.5641025641025641","0.031101673983844114","0.9570859443522736","0.08513546224905011","0.8749734793746201","7.764779090881348","0.5268022181146026","0.7549668874172185"
"fanciful-vortex-13","finished","-","rachael-walker","","2023-04-17T02:29:56.000Z","100","","1","10","BCELoss","adult_balanced_nosched_seed8_v2","200","0.0001","LogisticRegression","SGD","DemographicParityLoss()","EqualizedOddsLoss()","7        0.0
8        1.0
9        0.0
10       0.0
11       0.0
        ... 
10072    1.0
13681    0.0
1886     1.0
6622     0.0
210      0.0
Name: sex_binary, Length: 15682, dtype: float64","0.66","0.7","0.5618158403090792","0.06210157408922867","0.9093910480438728","0.11247768035604833","0.8255901647812387","7.718552112579346","0.5404725992961287","0.7063074901445466","0.580213172998087","0.02316122045508706","0.9646313988093536","0.10462896519134111","0.8698667642921205","7.432754993438721","0.568246716162193","0.715312724658519","0.5772357723577236","0.02316122045508706","0.9646313988093536","0.10462896519134111","0.8698667642921205","7.739007472991943","0.5405128205128205","0.6980132450331126"
"super-breeze-12","finished","-","rachael-walker","","2023-04-17T02:28:15.000Z","99","","1","1","BCELoss","adult_balanced_nosched_seed8_v2","200","0.0001","LogisticRegression","SGD","DemographicParityLoss()","EqualizedOddsLoss()","7        0.0
8        1.0
9        0.0
10       0.0
11       0.0
        ... 
10072    1.0
13681    0.0
1886     1.0
6622     0.0
210      0.0
Name: sex_binary, Length: 15682, dtype: float64","0.66","0.7","0.5804893754024468","0.03934261835545483","0.935805460507798","0.1207320599391084","0.8433932708218422","7.716108798980713","0.5603305785123966","0.6681997371879106","0.5926027147672406","0.000004911509172811357","0.9999915655027344","0.10634247899844285","0.8605695360500293","7.400268077850342","0.5854192740926157","0.6725377426312006","0.5891181988742964","0.000004911509172811357","0.9999915655027344","0.10634247899844285","0.8605695360500293","7.7083210945129395","0.5544444444444444","0.6609271523178808"
"earthy-hill-11","finished","-","rachael-walker","","2023-04-17T02:26:36.000Z","97","","1","0","BCELoss","adult_balanced_nosched_seed8_v2","200","0.0001","LogisticRegression","SGD","DemographicParityLoss()","EqualizedOddsLoss()","7        0.0
8        1.0
9        0.0
10       0.0
11       0.0
        ... 
10072    1.0
13681    0.0
1886     1.0
6622     0.0
210      0.0
Name: sex_binary, Length: 15682, dtype: float64","0.66","0.7","0.5827430779137154","0.019150942660961623","0.9671203695278672","0.10070586634463286","0.863927192498621","7.716089248657227","0.5639864099660249","0.6544021024967148","0.5939692083447208","0.007383704827955251","0.9871169649153984","0.10525670294013044","0.8600432851015848","7.396259784698486","0.588291593555591","0.6628324946081955","0.590368980612883","0.007383704827955251","0.9871169649153984","0.10525670294013044","0.8600432851015848","7.704422473907471","0.5564334085778782","0.6529801324503312"
"zesty-jazz-10","finished","-","rachael-walker","","2023-04-17T02:24:55.000Z","98","","0","200","BCELoss","adult_balanced_nosched_seed8_v2","200","0.0001","LogisticRegression","SGD","DemographicParityLoss()","EqualizedOddsLoss()","7        0.0
8        1.0
9        0.0
10       0.0
11       0.0
        ... 
10072    1.0
13681    0.0
1886     1.0
6622     0.0
210      0.0
Name: sex_binary, Length: 15682, dtype: float64","0.66","0.7","0.4697359948486799","0.036380971679903173","0.9615503945781","0.02868240812301792","0.9700788167753236","7.841990947723389","0.47812390619530976","0.897503285151117","0.4857429170082901","0.02989306812071757","0.968200432467778","0.02208295299050211","0.9759275917851284","7.640398979187012","0.49598254141454223","0.8986340762041697","0.46028767979987495","0.02989306812071757","0.968200432467778","0.02208295299050211","0.9759275917851284","7.864628791809082","0.4627586206896552","0.8887417218543047"
"divine-dew-9","finished","-","rachael-walker","","2023-04-17T02:23:15.000Z","98","","0","150","BCELoss","adult_balanced_nosched_seed8_v2","200","0.0001","LogisticRegression","SGD","DemographicParityLoss()","EqualizedOddsLoss()","7        0.0
8        1.0
9        0.0
10       0.0
11       0.0
        ... 
10072    1.0
13681    0.0
1886     1.0
6622     0.0
210      0.0
Name: sex_binary, Length: 15682, dtype: float64","0.66","0.7","0.4752092723760464","0.03546493955902641","0.9621441656392414","0.030587906084268313","0.9676612710085514","7.82349681854248","0.4809187279151944","0.8942181340341656","0.4903889951717227","0.03145938169427254","0.9662247961113056","0.023841019157765153","0.9739104092679236","7.612340450286865","0.4984960898335673","0.8936017253774263","0.4652908067542214","0.03145938169427254","0.9662247961113056","0.023841019157765153","0.9739104092679236","7.855478763580322","0.46518105849582175","0.8847682119205298"
"comfy-smoke-8","finished","-","rachael-walker","","2023-04-17T02:21:35.000Z","97","","0","100","BCELoss","adult_balanced_nosched_seed8_v2","200","0.0001","LogisticRegression","SGD","DemographicParityLoss()","EqualizedOddsLoss()","7        0.0
8        1.0
9        0.0
10       0.0
11       0.0
        ... 
10072    1.0
13681    0.0
1886     1.0
6622     0.0
210      0.0
Name: sex_binary, Length: 15682, dtype: float64","0.66","0.7","0.4819703799098519","0.04125781653897809","0.9553475529862958","0.04554539882205577","0.9511068197260666","7.797067642211914","0.48433561397191216","0.8837056504599211","0.500409948073244","0.026893134967189813","0.9704439845409734","0.029203070909085804","0.9679182865629108","7.5761799812316895","0.5040924902803355","0.8855140186915887","0.474671669793621","0.026893134967189813","0.9704439845409734","0.029203070909085804","0.9679182865629108","7.840541362762451","0.4698795180722892","0.8781456953642384"
"cerulean-firebrand-7","finished","-","rachael-walker","","2023-04-17T02:19:55.000Z","97","","0","50","BCELoss","adult_balanced_nosched_seed8_v2","200","0.0001","LogisticRegression","SGD","DemographicParityLoss()","EqualizedOddsLoss()","7        0.0
8        1.0
9        0.0
10       0.0
11       0.0
        ... 
10072    1.0
13681    0.0
1886     1.0
6622     0.0
210      0.0
Name: sex_binary, Length: 15682, dtype: float64","0.66","0.7","0.5064391500321958","0.06078494028644843","0.9308894628392108","0.08286251099325748","0.9050407720734204","7.75615930557251","0.4978805394990366","0.8488830486202366","0.5175366675776624","0.04053922210518768","0.9532692204904308","0.05843238933939743","0.9320582710678956","7.520810127258301","0.5145652173913043","0.8508267433501079","0.5003126954346466","0.04053922210518768","0.9532692204904308","0.05843238933939743","0.9320582710678956","7.809231281280518","0.4832317073170731","0.8397350993377484"
"swept-dragon-6","finished","-","rachael-walker","","2023-04-17T02:18:14.000Z","99","","0","40","BCELoss","adult_balanced_nosched_seed8_v2","200","0.0001","LogisticRegression","SGD","DemographicParityLoss()","EqualizedOddsLoss()","7        0.0
8        1.0
9        0.0
10       0.0
11       0.0
        ... 
10072    1.0
13681    0.0
1886     1.0
6622     0.0
210      0.0
Name: sex_binary, Length: 15682, dtype: float64","0.66","0.7","0.5286542176432711","0.07830905562440083","0.9081560458726164","0.12523652160008536","0.8504780692683391","7.7457804679870605","0.5117313915857605","0.831143232588699","0.5412225562539856","0.040408484390682786","0.95100674121467","0.07846917629383654","0.9024971104632648","7.504700183868408","0.5302336234539624","0.8321351545650612","0.5315822388993121","0.040408484390682786","0.95100674121467","0.07846917629383654","0.9024971104632648","7.798152446746826","0.502442996742671","0.8172185430463577"
"crimson-oath-5","finished","-","rachael-walker","","2023-04-17T02:16:34.000Z","98","","0","30","BCELoss","adult_balanced_nosched_seed8_v2","200","0.0001","LogisticRegression","SGD","DemographicParityLoss()","EqualizedOddsLoss()","7        0.0
8        1.0
9        0.0
10       0.0
11       0.0
        ... 
10072    1.0
13681    0.0
1886     1.0
6622     0.0
210      0.0
Name: sex_binary, Length: 15682, dtype: float64","0.66","0.7","0.5389568576947843","0.08117301991837289","0.901695563696588","0.13363803533832586","0.8338125025891711","7.735203742980957","0.5188916876574308","0.812089356110381","0.5530655005921472","0.03225812627922964","0.9588388490122594","0.0734895273097963","0.9025523484023946","7.485489845275879","0.5394200814761563","0.8091301222142344","0.5384615384615384","0.03225812627922964","0.9588388490122594","0.0734895273097963","0.9025523484023946","7.783821105957031","0.5071609098567817","0.7973509933774835"
"logical-capybara-4","finished","-","rachael-walker","","2023-04-17T02:14:56.000Z","96","","0","20","BCELoss","adult_balanced_nosched_seed8_v2","200","0.0001","LogisticRegression","SGD","DemographicParityLoss()","EqualizedOddsLoss()","7        0.0
8        1.0
9        0.0
10       0.0
11       0.0
        ... 
10072    1.0
13681    0.0
1886     1.0
6622     0.0
210      0.0
Name: sex_binary, Length: 15682, dtype: float64","0.66","0.7","0.5537669027688346","0.07471559099139824","0.9021717759607266","0.13470404818378057","0.8164986068125506","7.725520133972168","0.530852994555354","0.7687253613666228","0.5740184021135101","0.031101673983844114","0.9570859443522736","0.08513546224905011","0.8749734793746201","7.462007999420166","0.5576024909185262","0.7724658519051042","0.5641025641025641","0.031101673983844114","0.9570859443522736","0.08513546224905011","0.8749734793746201","7.764751434326172","0.5268022181146026","0.7549668874172185"
"flowing-frog-3","finished","-","rachael-walker","","2023-04-17T02:13:16.000Z","98","","0","10","BCELoss","adult_balanced_nosched_seed8_v2","200","0.0001","LogisticRegression","SGD","DemographicParityLoss()","EqualizedOddsLoss()","7        0.0
8        1.0
9        0.0
10       0.0
11       0.0
        ... 
10072    1.0
13681    0.0
1886     1.0
6622     0.0
210      0.0
Name: sex_binary, Length: 15682, dtype: float64","0.66","0.7","0.5614938828074694","0.0625458210905614","0.9087428719583106","0.11247768035604833","0.8255901647812387","7.718554019927979","0.540241448692153","0.7056504599211564","0.5800309738544229","0.02341253988207881","0.9642476186626222","0.10505296349534789","0.8693394125101914","7.432753086090088","0.5681233933161953","0.7149532710280374","0.5772357723577236","0.02341253988207881","0.9642476186626222","0.10505296349534789","0.8693394125101914","7.738918304443359","0.5405128205128205","0.6980132450331126"
"lemon-sun-2","finished","-","rachael-walker","","2023-04-17T02:11:37.000Z","98","","0","1","BCELoss","adult_balanced_nosched_seed8_v2","200","0.0001","LogisticRegression","SGD","DemographicParityLoss()","EqualizedOddsLoss()","7        0.0
8        1.0
9        0.0
10       0.0
11       0.0
        ... 
10072    1.0
13681    0.0
1886     1.0
6622     0.0
210      0.0
Name: sex_binary, Length: 15682, dtype: float64","0.66","0.7","0.580167417900837","0.04067535935945299","0.9336308544802818","0.1222764614835099","0.8413899613899615","7.716122150421143","0.5601545253863135","0.6668856767411301","0.5926027147672406","0.00040624008072864815","0.9993020598958466","0.1053738406061724","0.8616253597001116","7.400232315063477","0.5854727614276769","0.6721782890007189","0.5897435897435898","0.00040624008072864815","0.9993020598958466","0.1053738406061724","0.8616253597001116","7.708150863647461","0.5550611790878754","0.6609271523178808"
"bright-sea-1","finished","-","rachael-walker","","2023-04-17T02:09:59.000Z","96","","0","0","BCELoss","adult_balanced_nosched_seed8_v2","200","0.0001","LogisticRegression","SGD","DemographicParityLoss()","EqualizedOddsLoss()","7        0.0
8        1.0
9        0.0
10       0.0
11       0.0
        ... 
10072    1.0
13681    0.0
1886     1.0
6622     0.0
210      0.0
Name: sex_binary, Length: 15682, dtype: float64","0.66","0.7","0.5827430779137154","0.019150942660961623","0.9671203695278672","0.10070586634463286","0.863927192498621","7.716104507446289","0.5639864099660249","0.6544021024967148","0.5939692083447208","0.007383704827955251","0.9871169649153984","0.10525670294013044","0.8600432851015848","7.396218299865723","0.588291593555591","0.6628324946081955","0.590368980612883","0.007383704827955251","0.9871169649153984","0.10525670294013044","0.8600432851015848","7.7042412757873535","0.5564334085778782","0.6529801324503312"